
DROP DATABASE IF EXISTS ankit_goyal;
CREATE DATABASE ankit_goyal ;

CREATE TABLE customers (
  customer_id INT PRIMARY KEY,
  first_name VARCHAR(50) NOT NULL,
  last_name  VARCHAR(50) NOT NULL,
  email      VARCHAR(100) NOT NULL UNIQUE,
  phone      VARCHAR(15) NOT NULL,
  city       VARCHAR(60) NOT NULL,
  state      VARCHAR(60) NOT NULL,
  pincode    INT NOT NULL,
  created_at TIMESTAMP DEFAULT CURRENT_TIMESTAMP NOT NULL);
  CREATE INDEX idx_customers_city ON customers(city);
  create INDEX idx_customers_state on customers(state);


CREATE TABLE products (
  product_id   INT PRIMARY KEY,
  product_name VARCHAR(120) NOT NULL,
  category     VARCHAR(40)  NOT NULL,
  brand        VARCHAR(60)  NOT NULL,
  unit_price   DECIMAL(10,2) NOT NULL,
  is_active    smallint NOT NULL DEFAULT 1
  );
  create INDEX idx_products_cat on products(category);
  create INDEX idx_products_brand on products(brand);

CREATE TABLE orders (
  order_id       INT PRIMARY KEY,
  customer_id    INT NOT NULL,
  order_datetime timestamp NOT NULL,
  payment_method varchar(50) not null check(payment_method in('UPI','Credit Card','Debit Card','NetBanking','COD','Wallet')),
  order_status  varchar(50) not null check(order_status in('PLACED','CONFIRMED','SHIPPED','DELIVERED','CANCELLED','RETURN_REQUESTED','RETURNED')),
  shipping_city   VARCHAR(60) NOT NULL,
  shipping_state  VARCHAR(60) NOT NULL,
  shipping_pincode INT NOT NULL,
  order_total    DECIMAL(12,2) NOT NULL DEFAULT 0.00,
  CONSTRAINT fk_orders_customer FOREIGN KEY (customer_id) REFERENCES customers(customer_id) ON UPDATE CASCADE ON DELETE RESTRICT);
 create INDEX idx_orders_customer on orders(customer_id);
 create INDEX idx_orders_datetime on orders(order_datetime);
  create INDEX idx_orders_status on orders(order_status);


CREATE TABLE order_items (
  order_item_id INT PRIMARY KEY,
  order_id      INT NOT NULL,
  product_id    INT NOT NULL,
  quantity      INT NOT NULL,
  unit_price    DECIMAL(10,2) NOT NULL,
  discount      DECIMAL(10,2) NOT NULL DEFAULT 0.00,
  sell_price    DECIMAL(10,2) NOT NULL,
  line_total    DECIMAL(12,2) NOT NULL,
  CONSTRAINT fk_items_order   FOREIGN KEY (order_id)   REFERENCES orders(order_id)   ON UPDATE CASCADE ON DELETE CASCADE,
  CONSTRAINT fk_items_product FOREIGN KEY (product_id) REFERENCES products(product_id) ON UPDATE CASCADE ON DELETE RESTRICT);
  create INDEX idx_items_order on order_items(order_id);
 create  INDEX idx_items_product on order_items(product_id);


CREATE TABLE returns (
  return_id    INT PRIMARY KEY,
  order_item_id INT NOT NULL,
  reason       varchar(50) not null check(reason in('Damaged','Defective','Wrong Item','Size Issue','No Longer Needed')),
  status       varchar(50) not null check(status in('Requested','Approved','Rejected','Refunded')),
  requested_at timestamp  NOT NULL default current_timestamp,
  approved_at  timestamp  null ,
  refund_amount DECIMAL(12,2) NOT NULL DEFAULT 0.00,
  CONSTRAINT fk_returns_item FOREIGN KEY (order_item_id) REFERENCES order_items(order_item_id) ON UPDATE CASCADE ON DELETE CASCADE);
  create INDEX idx_returns_status on returns (status);




  select * from customers;
 insert INTO customers (customer_id, first_name, last_name, email, phone, city, state, pincode, created_at) VALUES
(1,'Sai','Sharma','ssharma251@yahoo.com','9117550026','Jaipur','Rajasthan',477442,'2024-06-09 00:00:00'),
(2,'Aarav','Kulkarni','akulkarni715@example.in','9319300868','Pune','Maharashtra',859358,'2023-09-26 00:00:00'),
(3,'Saanvi','Khanna','skhanna722@gmail.com','9022021263','Kolkata','West Bengal',636760,'2023-10-13 00:00:00'),
(4,'Ishaan','Kapoor','ikapoor168@example.in','9396568720','Ahmedabad','Gujarat',640957,'2022-08-06 00:00:00'),
(5,'Kiara','Nair','knair147@outlook.com','9175745391','Patna','Bihar',800167,'2023-03-09 00:00:00'),
(6,'Tara','Gupta','tgupta391@example.in','9598076526','Nagpur','Maharashtra',221077,'2024-09-22 00:00:00'),
(7,'Ishita','Kulkarni','ikulkarni520@gmail.com','9826617575','Pune','Maharashtra',154139,'2024-04-06 00:00:00'),
(8,'Virat','Yadav','vyadav247@gmail.com','9040771452','Delhi','Delhi',799767,'2023-02-13 00:00:00'),
(9,'Saanvi','Shetty','sshetty463@gmail.com','9200550700','Noida','Uttar Pradesh',180262,'2022-05-16 00:00:00'),
(10,'Riya','Khanna','rkhanna249@example.in','9810444769','Visakhapatnam','Andhra Pradesh',207811,'2023-07-04 00:00:00'),
(11,'Sara','Reddy','sreddy188@outlook.com','9480880650','Bhopal','Madhya Pradesh',298142,'2023-02-15 00:00:00'),
(12,'Vihaan','Patel','vpatel3@example.in','9274499571','Nagpur','Maharashtra',520703,'2022-02-21 00:00:00'),
(13,'Meera','Bhandari','mbhandari942@yahoo.com','9058008495','Noida','Uttar Pradesh',164559,'2022-07-29 00:00:00'),
(14,'Anika','Yadav','ayadav406@yahoo.com','9623704990','Jaipur','Rajasthan',451302,'2022-10-19 00:00:00'),
(15,'Ishaan','Shetty','ishetty721@outlook.com','9696082691','Gurugram','Haryana',287122,'2022-12-18 00:00:00'),
(16,'Atharv','Trivedi','atrivedi518@example.in','9290680319','Jaipur','Rajasthan',375400,'2024-06-23 00:00:00'),
(17,'Ayaan','Kapoor','akapoor855@outlook.com','9511387882','Delhi','Delhi',463589,'2024-02-07 00:00:00'),
(18,'Ayaan','Tiwari','atiwari886@yahoo.com','9988073988','Ahmedabad','Gujarat',427188,'2022-08-16 00:00:00'),
(19,'Rudra','Desai','rdesai359@outlook.com','9882632073','Patna','Bihar',768308,'2022-09-25 00:00:00'),
(20,'Pranav','Khanna','pkhanna40@gmail.com','9537491810','Jaipur','Rajasthan',709577,'2023-11-18 00:00:00'),
(21,'Rudra','Mukherjee','rmukherjee72@outlook.com','9661956365','Bhopal','Madhya Pradesh',449696,'2022-11-05 00:00:00'),
(22,'Diya','Kapoor','dkapoor312@outlook.com','9276346579','Mumbai','Maharashtra',362660,'2024-09-01 00:00:00'),
(23,'Dhruv','Trivedi','dtrivedi231@yahoo.com','9109674857','Lucknow','Uttar Pradesh',742607,'2024-02-28 00:00:00'),
(24,'Mohammad','Shamshad','shamshad225@yahoo.com','9864591145','Bhopal','Madhya Pradesh',698675,'2024-04-30 00:00:00'),
(25,'Aisha','Shetty','ashetty762@example.in','9478274247','Pune','Maharashtra',423512,'2023-12-12 00:00:00'),
(26,'Ayaan','Banerjee','abanerjee66@example.in','9454249568','Kolkata','West Bengal',749238,'2024-05-05 00:00:00'),
(27,'Ira','Kapoor','ikapoor820@yahoo.com','9424367789','Gurugram','Haryana',195604,'2024-06-06 00:00:00'),
(28,'Navya','Patel','npatel267@example.in','9343829484','Delhi','Delhi',193676,'2024-02-12 00:00:00'),
(29,'Vivaan','Yadav','vyadav860@gmail.com','9624194236','Kolkata','West Bengal',271359,'2023-08-13 00:00:00'),
(30,'Ananya','Nair','anair78@yahoo.com','9178619734','Kolkata','West Bengal',606044,'2023-03-20 00:00:00'),
(31,'Saanvi','Rastogi','srastogi725@yahoo.com','9479285447','Patna','Bihar',532924,'2024-02-08 00:00:00'),
(32,'Navya','Khanna','nkhanna685@example.in','9343432258','Kochi','Kerala',151245,'2022-09-04 00:00:00'),
(33,'Aarya','Rastogi','arastogi459@gmail.com','9026354547','Visakhapatnam','Andhra Pradesh',634327,'2022-11-20 00:00:00'),
(34,'Sai','Chatterjee','schatterjee974@yahoo.com','9172575982','Gurugram','Haryana',610529,'2023-07-21 00:00:00'),
(35,'Anay','Banerjee','abanerjee654@example.in','9102439281','Chennai','Tamil Nadu',240601,'2023-07-31 00:00:00'),
(36,'Virat','Gupta','vgupta122@example.in','9672544893','Ahmedabad','Gujarat',167922,'2023-11-08 00:00:00'),
(37,'Reyansh','Patel','rpatel178@gmail.com','9146402280','Ahmedabad','Gujarat',497669,'2023-03-12 00:00:00'),
(38,'Sai','Kapoor','skapoor664@yahoo.com','9980137521','Ahmedabad','Gujarat',569540,'2022-02-10 00:00:00'),
(39,'Myra','Chatterjee','mchatterjee619@outlook.com','9026850785','Surat','Gujarat',346915,'2023-10-13 00:00:00'),
(40,'Kiara','Gupta','kgupta357@example.in','9368362985','Visakhapatnam','Andhra Pradesh',802178,'2024-04-24 00:00:00'),
(41,'Aarav','Trivedi','atrivedi474@example.in','9056440212','Gurugram','Haryana',819621,'2023-07-19 00:00:00'),
(42,'Aarav','Kapoor','akapoor96@yahoo.com','9994184752','Bhopal','Madhya Pradesh',892539,'2023-06-05 00:00:00'),
(43,'Arnav','Goswami','agoswami283@example.in','9372078568','Bengaluru','Karnataka',853554,'2022-11-26 00:00:00'),
(44,'Rudra','Banerjee','rbanerjee586@example.in','9270778368','Ahmedabad','Gujarat',340558,'2024-06-14 00:00:00'),
(45,'Sara','Iyer','siyer933@example.in','9018907263','Noida','Uttar Pradesh',288833,'2024-01-06 00:00:00'),
(46,'Kiara','Goswami','kgoswami37@gmail.com','9262209771','Gurugram','Haryana',369072,'2023-01-19 00:00:00'),
(47,'Myra','Reddy','mreddy544@example.in','9571086291','Ahmedabad','Gujarat',864684,'2022-10-22 00:00:00'),
(48,'Zara','Patel','zpatel453@outlook.com','9929643981','Bengaluru','Karnataka',755929,'2023-11-06 00:00:00'),
(49,'Diya','Khan','dkhan580@gmail.com','9978972821','Mumbai','Maharashtra',567686,'2024-07-14 00:00:00'),
(50,'Aditya','Das','adas35@outlook.com','9702711595','Patna','Bihar',582848,'2024-02-04 00:00:00'),
(51,'Aadhya','Joshi','ajoshi480@gmail.com','9198799837','Hyderabad','Telangana',121372,'2023-01-26 00:00:00'),
(52,'Saanvi','Iyer','siyer483@gmail.com','9693666476','Ahmedabad','Gujarat',219340,'2024-06-27 00:00:00'),
(53,'Zara','Reddy','zreddy465@outlook.com','9679471404','Nagpur','Maharashtra',792624,'2022-08-30 00:00:00'),
(54,'Saanvi','Iyer','siyer558@outlook.com','9029980269','Indore','Madhya Pradesh',172150,'2024-02-23 00:00:00'),
(55,'Aisha','Singh','asingh222@yahoo.com','9319081121','Chandigarh','Chandigarh',113750,'2022-09-29 00:00:00'),
(56,'Vihaan','Reddy','vreddy539@gmail.com','9747515907','Bhopal','Madhya Pradesh',549044,'2023-12-04 00:00:00'),
(57,'Mohammad','Zeeshan','zeeshan76@gmail.com','9311657352','Patna','Bihar',707867,'2024-01-09 00:00:00'),
(58,'Atharv','Pillai','apillai910@yahoo.com','9483733296','Patna','Bihar',808007,'2024-04-11 00:00:00'),
(59,'Arnav','Kapoor','akapoor601@outlook.com','9648949023','Delhi','Delhi',252621,'2024-05-15 00:00:00'),
(60,'Aisha','Mukherjee','amukherjee781@outlook.com','9588986609','Hyderabad','Telangana',502793,'2022-07-05 00:00:00'),
(61,'Ayaan','Khanna','akhanna72@yahoo.com','9790534133','Nagpur','Maharashtra',281700,'2023-03-30 00:00:00'),
(62,'Myra','Bhandari','mbhandari453@example.in','9271426460','Kochi','Kerala',790297,'2024-02-22 00:00:00'),
(63,'Kabir','Das','kdas123@gmail.com','9441525633','Surat','Gujarat',144034,'2023-02-19 00:00:00'),
(64,'Ira','Das','idas415@gmail.com','9919463414','Hyderabad','Telangana',753333,'2022-06-22 00:00:00'),
(65,'Arjun','Chawla','achawla544@yahoo.com','9937882116','Hyderabad','Telangana',217477,'2023-04-05 00:00:00'),
(66,'Riya','Rastogi','rrastogi331@outlook.com','9104320534','Kochi','Kerala',132690,'2023-09-01 00:00:00'),
(67,'Ishita','Nair','inair595@gmail.com','9486341018','Patna','Bihar',690607,'2023-03-26 00:00:00'),
(68,'Mira','Chawla','mchawla163@outlook.com','9324357600','Kochi','Kerala',727698,'2022-12-08 00:00:00'),
(69,'Reyansh','Khanna','rkhanna939@outlook.com','9366170563','Chennai','Tamil Nadu',368765,'2023-10-24 00:00:00'),
(70,'Myra','Chawla','mchawla19@outlook.com','9393719127','Indore','Madhya Pradesh',168651,'2022-07-05 00:00:00'),
(71,'Kavya','Joshi','kjoshi739@example.in','9037967722','Pune','Maharashtra',891654,'2024-02-27 00:00:00'),
(72,'Anay','Kulkarni','akulkarni515@example.in','9988126851','Nagpur','Maharashtra',227291,'2023-03-24 00:00:00'),
(73,'Reyansh','Tiwari','rtiwari837@example.in','9894333023','Ahmedabad','Gujarat',286712,'2024-04-29 00:00:00'),
(74,'Aarya','Banerjee','abanerjee778@example.in','9400285751','Chennai','Tamil Nadu',521266,'2022-03-06 00:00:00'),
(75,'Sai','Desai','sdesai612@gmail.com','9657203516','Visakhapatnam','Andhra Pradesh',605595,'2023-02-04 00:00:00'),
(76,'Aarya','Verma','averma383@outlook.com','9730261571','Nagpur','Maharashtra',658174,'2023-12-14 00:00:00'),
(77,'Aarya','Rastogi','arastogi831@yahoo.com','9074201095','Pune','Maharashtra',827137,'2024-06-05 00:00:00'),
(78,'Aadhya','Khan','akhan819@outlook.com','9444931637','Hyderabad','Telangana',587068,'2023-07-13 00:00:00'),
(79,'Anay','Bose','abose82@outlook.com','9636463083','Hyderabad','Telangana',729906,'2023-01-08 00:00:00'),
(80,'Ishita','Joshi','ijoshi976@gmail.com','9167007335','Pune','Maharashtra',369375,'2023-06-27 00:00:00'),
(81,'Saanvi','Nair','snair666@outlook.com','9217435224','Surat','Gujarat',569210,'2022-06-26 00:00:00'),
(82,'Sara','Gupta','sgupta684@outlook.com','9752217713','Surat','Gujarat',412170,'2023-07-22 00:00:00'),
(83,'Riya','Mukherjee','rmukherjee823@yahoo.com','9603975780','Patna','Bihar',664638,'2024-03-09 00:00:00'),
(84,'Aisha','Rastogi','arastogi187@yahoo.com','9490111373','Chandigarh','Chandigarh',582651,'2022-11-07 00:00:00'),
(85,'Kavya','Kapoor','kkapoor515@yahoo.com','9551693908','Bengaluru','Karnataka',206567,'2023-03-03 00:00:00'),
(86,'Kavya','Rastogi','krastogi510@outlook.com','9632844614','Mumbai','Maharashtra',826377,'2024-05-31 00:00:00'),
(87,'Aarohi','Nair','anair779@outlook.com','9512141098','Chennai','Tamil Nadu',728135,'2022-11-17 00:00:00'),
(88,'Rudra','Kulkarni','rkulkarni511@example.in','9430959230','Pune','Maharashtra',858620,'2022-04-21 00:00:00'),
(89,'Myra','Reddy','mreddy745@outlook.com','9734515057','Jaipur','Rajasthan',586610,'2023-01-18 00:00:00'),
(90,'Aadhya','Kapoor','akapoor774@yahoo.com','9155013446','Indore','Madhya Pradesh',336197,'2022-11-03 00:00:00'),
(91,'Meera','Bose','mbose849@example.in','9728369577','Noida','Uttar Pradesh',152695,'2022-08-22 00:00:00'),
(92,'Vihaan','Khanna','vkhanna175@example.in','9160910316','Visakhapatnam','Andhra Pradesh',756487,'2023-12-24 00:00:00'),
(93,'Arnav','Chawla','achawla575@outlook.com','9943945568','Kolkata','West Bengal',561252,'2024-09-23 00:00:00'),
(94,'Virat','Kulkarni','vkulkarni722@yahoo.com','9644597255','Lucknow','Uttar Pradesh',789822,'2024-01-02 00:00:00'),
(95,'Reyansh','Mukherjee','rmukherjee672@outlook.com','9728252172','Patna','Bihar',165604,'2024-01-05 00:00:00'),
(96,'Aarya','Iyer','aiyer6@yahoo.com','9498419369','Chennai','Tamil Nadu',262780,'2024-08-01 00:00:00'),
(97,'Pranav','Pillai','ppillai957@gmail.com','9934999805','Pune','Maharashtra',293465,'2024-06-29 00:00:00'),
(98,'Arnav','Goswami','agoswami480@outlook.com','9111421775','Noida','Uttar Pradesh',418885,'2022-03-30 00:00:00'),
(99,'Diya','Trivedi','dtrivedi190@yahoo.com','9490342355','Hyderabad','Telangana',566013,'2023-02-20 00:00:00'),
(100,'Ishita','Tiwari','itiwari707@gmail.com','9693294493','Lucknow','Uttar Pradesh',878876,'2023-09-03 00:00:00'),
(101,'Reyansh','Chawla','rchawla541@outlook.com','9050555135','Patna','Bihar',267484,'2022-02-26 00:00:00'),
(102,'Navya','Reddy','nreddy426@example.in','9556302020','Noida','Uttar Pradesh',730990,'2024-08-14 00:00:00'),
(103,'Aarya','Verma','averma419@yahoo.com','9779649389','Lucknow','Uttar Pradesh',709818,'2022-05-02 00:00:00'),
(104,'Pranav','Kapoor','pkapoor542@yahoo.com','9720026558','Nagpur','Maharashtra',441187,'2022-02-02 00:00:00'),
(105,'Ira','Mehta','imehta247@yahoo.com','9054682045','Mumbai','Maharashtra',119295,'2023-08-15 00:00:00'),
(106,'Tara','Kulkarni','tkulkarni243@outlook.com','9895425571','Surat','Gujarat',750363,'2023-06-22 00:00:00'),
(107,'Anika','Banerjee','abanerjee419@yahoo.com','9215228140','Bhopal','Madhya Pradesh',795122,'2023-10-25 00:00:00'),
(108,'Reyansh','Tiwari','rtiwari868@outlook.com','9071266817','Patna','Bihar',448390,'2024-08-17 00:00:00'),
(109,'Rudra','Chatterjee','rchatterjee765@example.in','9967323246','Hyderabad','Telangana',525409,'2023-04-26 00:00:00'),
(110,'Anika','Tiwari','atiwari380@outlook.com','9452129541','Kolkata','West Bengal',625259,'2022-12-12 00:00:00'),
(111,'Kabir','Kulkarni','kkulkarni990@example.in','9473151899','Visakhapatnam','Andhra Pradesh',180800,'2022-05-21 00:00:00'),
(112,'Krish','Gupta','kgupta10@yahoo.com','9536664405','Chennai','Tamil Nadu',107525,'2023-12-16 00:00:00'),
(113,'Myra','Joshi','mjoshi110@gmail.com','9526237094','Pune','Maharashtra',492686,'2024-05-28 00:00:00'),
(114,'Aditya','Gupta','agupta389@example.in','9500144758','Nagpur','Maharashtra',289296,'2023-08-04 00:00:00'),
(115,'Aarya','Khan','akhan947@gmail.com','9625618021','Delhi','Delhi',792558,'2023-11-25 00:00:00'),
(116,'Zara','Bose','zbose774@yahoo.com','9760730206','Nagpur','Maharashtra',793674,'2022-08-22 00:00:00'),
(117,'Aarohi','Kapoor','akapoor443@yahoo.com','9660677017','Nagpur','Maharashtra',373103,'2023-01-04 00:00:00'),
(118,'Kartik','Iyer','kiyer90@yahoo.com','9455105578','Chennai','Tamil Nadu',123099,'2022-09-06 00:00:00'),
(119,'Riya','Chawla','rchawla702@example.in','9122112273','Pune','Maharashtra',474641,'2022-01-07 00:00:00'),
(120,'Diya','Bose','dbose390@outlook.com','9448653664','Kochi','Kerala',399264,'2023-08-13 00:00:00'),
(121,'Dhruv','Bose','dbose288@example.in','9391917079','Nagpur','Maharashtra',442687,'2023-02-23 00:00:00'),
(122,'Kiara','Reddy','kreddy248@outlook.com','9677094459','Lucknow','Uttar Pradesh',757385,'2023-10-16 00:00:00'),
(123,'Reyansh','Iyer','riyer674@outlook.com','9165669371','Ahmedabad','Gujarat',225555,'2023-04-02 00:00:00'),
(124,'Saanvi','Nair','snair791@yahoo.com','9301491913','Patna','Bihar',875307,'2023-04-09 00:00:00'),
(125,'Anika','Gupta','agupta46@gmail.com','9031897553','Lucknow','Uttar Pradesh',792416,'2023-03-19 00:00:00'),
(126,'Diya','Sharma','dsharma905@yahoo.com','9440227757','Kochi','Kerala',331164,'2024-09-16 00:00:00'),
(127,'Anika','Mehta','amehta626@example.in','9538687260','Nagpur','Maharashtra',332131,'2023-02-02 00:00:00'),
(128,'Ira','Mehta','imehta589@example.in','9445991121','Chennai','Tamil Nadu',868941,'2023-01-29 00:00:00'),
(129,'Aisha','Chawla','achawla419@example.in','9484007225','Visakhapatnam','Andhra Pradesh',375745,'2023-08-10 00:00:00'),
(130,'Sai','Khan','skhan844@outlook.com','9577424762','Gurugram','Haryana',143849,'2024-03-05 00:00:00'),
(131,'Dhruv','Singh','dsingh706@outlook.com','9864678855','Chandigarh','Chandigarh',337228,'2024-07-10 00:00:00'),
(132,'Umar','Farooq','umar941@gmail.com','9981827876','Bhopal','Madhya Pradesh',816630,'2024-03-24 00:00:00'),
(133,'Reyansh','Nair','rnair768@outlook.com','9684458809','Noida','Uttar Pradesh',687398,'2023-05-22 00:00:00'),
(134,'Kartik','Bose','kbose346@yahoo.com','9543600741','Lucknow','Uttar Pradesh',340926,'2022-05-16 00:00:00'),
(135,'Virat','Patel','vpatel96@outlook.com','9239133626','Jaipur','Rajasthan',204126,'2022-01-10 00:00:00'),
(136,'Aarav','Banerjee','abanerjee837@gmail.com','9941037138','Surat','Gujarat',338866,'2022-03-12 00:00:00'),
(137,'Mira','Khanna','mkhanna625@yahoo.com','9476146801','Mumbai','Maharashtra',253931,'2022-10-11 00:00:00'),
(138,'Reyansh','Yadav','ryadav616@outlook.com','9768635572','Gurugram','Haryana',177232,'2023-10-16 00:00:00'),
(139,'Tara','Gupta','tgupta911@gmail.com','9991853679','Noida','Uttar Pradesh',200200,'2024-03-19 00:00:00'),
(140,'Diya','Chawla','dchawla644@example.in','9446510099','Lucknow','Uttar Pradesh',353686,'2022-03-09 00:00:00'),
(141,'Virat','Banerjee','vbanerjee748@yahoo.com','9004463771','Bhopal','Madhya Pradesh',371957,'2024-01-09 00:00:00'),
(142,'Kabir','Patel','kpatel130@outlook.com','9718345296','Indore','Madhya Pradesh',843453,'2022-09-19 00:00:00'),
(143,'Sarim','Zaidi','sarim691@gmail.com','9250824319','Chandigarh','Chandigarh',159743,'2023-03-03 00:00:00'),
(144,'Anika','Khan','akhan586@outlook.com','9160250488','Bengaluru','Karnataka',535025,'2022-11-08 00:00:00'),
(145,'Kavya','Yadav','kyadav378@example.in','9977571905','Patna','Bihar',190687,'2022-04-17 00:00:00'),
(146,'Atharv','Chawla','achawla430@example.in','9991202848','Ahmedabad','Gujarat',890018,'2022-03-18 00:00:00'),
(147,'Meera','Khanna','mkhanna446@yahoo.com','9223877320','Delhi','Delhi',417114,'2022-11-18 00:00:00'),
(148,'Ira','Iyer','iiyer367@yahoo.com','9448083762','Gurugram','Haryana',617930,'2022-11-03 00:00:00'),
(149,'Kabir','Desai','kdesai32@example.in','9855017107','Pune','Maharashtra',418366,'2023-08-20 00:00:00'),
(150,'Meera','Khan','mkhan23@gmail.com','9168088190','Bengaluru','Karnataka',783061,'2022-08-08 00:00:00'),
(151,'Pranav','Khan','pkhan457@yahoo.com','9062245021','Jaipur','Rajasthan',467295,'2022-01-20 00:00:00'),
(152,'Ananya','Joshi','ajoshi492@example.in','9353205082','Indore','Madhya Pradesh',857991,'2023-11-04 00:00:00'),
(153,'Dhruv','Khan','dkhan836@gmail.com','9795939912','Gurugram','Haryana',686907,'2024-08-28 00:00:00'),
(154,'Riya','Khanna','rkhanna577@yahoo.com','9889510060','Chennai','Tamil Nadu',809217,'2024-07-29 00:00:00'),
(155,'Anika','Verma','averma152@yahoo.com','9788939313','Mumbai','Maharashtra',397464,'2022-11-21 00:00:00'),
(156,'Pranav','Banerjee','pbanerjee711@outlook.com','9251361799','Gurugram','Haryana',787513,'2024-04-08 00:00:00'),
(157,'Kavya','Yadav','kyadav107@example.in','9172918076','Chandigarh','Chandigarh',642202,'2022-04-21 00:00:00'),
(158,'Aarav','Verma','averma449@example.in','9984351486','Nagpur','Maharashtra',410823,'2024-09-01 00:00:00'),
(159,'Faiz','Eqbal','faiz175@example.in','9109939874','Surat','Gujarat',364039,'2023-02-24 00:00:00'),
(160,'Aisha','Chatterjee','achatterjee272@outlook.com','9203540008','Gurugram','Haryana',810120,'2024-05-14 00:00:00'),
(161,'Sai','Das','sdas483@example.in','9826333104','Nagpur','Maharashtra',522076,'2022-03-29 00:00:00'),
(162,'Aarohi','Joshi','ajoshi424@yahoo.com','9588458484','Gurugram','Haryana',238055,'2023-08-09 00:00:00'),
(163,'Kavya','Reddy','kreddy973@example.in','9199814949','Hyderabad','Telangana',382990,'2023-02-02 00:00:00'),
(164,'Aisha','Nair','anair334@outlook.com','9590757115','Gurugram','Haryana',295125,'2022-12-19 00:00:00'),
(165,'Ira','Khan','ikhan671@example.in','9541466438','Nagpur','Maharashtra',404233,'2024-03-23 00:00:00'),
(166,'Virat','Das','vdas864@example.in','9869237737','Jaipur','Rajasthan',212877,'2024-06-07 00:00:00'),
(167,'Saanvi','Desai','sdesai528@yahoo.com','9074755182','Delhi','Delhi',124972,'2024-04-23 00:00:00'),
(168,'Navya','Chawla','nchawla651@gmail.com','9624494538','Nagpur','Maharashtra',576231,'2023-08-09 00:00:00'),
(169,'Atharv','Goswami','agoswami663@yahoo.com','9624077096','Ahmedabad','Gujarat',126977,'2022-10-09 00:00:00'),
(170,'Myra','Mishra','mmishra873@outlook.com','9423565099','Nagpur','Maharashtra',655264,'2022-12-11 00:00:00'),
(171,'Kartik','Rastogi','krastogi883@outlook.com','9278217888','Surat','Gujarat',766769,'2022-09-23 00:00:00'),
(172,'Ira','Nair','inair755@gmail.com','9598376649','Nagpur','Maharashtra',658881,'2022-04-10 00:00:00'),
(173,'Aarya','Reddy','areddy743@yahoo.com','9986228483','Jaipur','Rajasthan',541065,'2023-09-28 00:00:00'),
(174,'Arjun','Bhandari','abhandari513@gmail.com','9832081245','Kolkata','West Bengal',818103,'2022-07-01 00:00:00'),
(175,'Anika','Rastogi','arastogi5@example.in','9271747066','Delhi','Delhi',744057,'2024-08-30 00:00:00'),
(176,'Aarav','Mishra','amishra776@yahoo.com','9007283153','Surat','Gujarat',282275,'2022-12-12 00:00:00'),
(177,'Myra','Mishra','mmishra351@example.in','9319942717','Chennai','Tamil Nadu',317736,'2024-02-29 00:00:00'),
(178,'Zara','Mehta','zmehta609@gmail.com','9660643541','Delhi','Delhi',136626,'2022-05-21 00:00:00'),
(179,'Ira','Desai','idesai524@gmail.com','9274678934','Hyderabad','Telangana',304293,'2022-01-03 00:00:00'),
(180,'Aarav','Trivedi','atrivedi929@gmail.com','9861057122','Bengaluru','Karnataka',520888,'2023-01-04 00:00:00'),
(181,'Anika','Pillai','apillai98@gmail.com','9016389273','Hyderabad','Telangana',614923,'2024-05-21 00:00:00'),
(182,'Aarya','Joshi','ajoshi665@yahoo.com','9160914586','Bhopal','Madhya Pradesh',367688,'2024-01-15 00:00:00'),
(183,'Arnav','Bhandari','abhandari116@example.in','9406085772','Visakhapatnam','Andhra Pradesh',656647,'2023-05-09 00:00:00'),
(184,'Aarohi','Trivedi','atrivedi153@gmail.com','9095441733','Nagpur','Maharashtra',502642,'2023-04-16 00:00:00'),
(185,'Sara','Joshi','sjoshi459@gmail.com','9841461450','Chandigarh','Chandigarh',279685,'2023-11-02 00:00:00'),
(186,'Navya','Bose','nbose846@gmail.com','9883757340','Indore','Madhya Pradesh',403675,'2023-01-18 00:00:00'),
(187,'Afroz','Ansari','ansari505@yahoo.com','9874211828','Pune','Maharashtra',471498,'2023-08-26 00:00:00'),
(188,'Sai','Kulkarni','skulkarni469@yahoo.com','9907545979','Patna','Bihar',371368,'2023-06-01 00:00:00'),
(189,'Ananya','Pillai','apillai938@yahoo.com','9299414772','Kochi','Kerala',679626,'2022-10-25 00:00:00'),
(190,'Aarohi','Tiwari','atiwari728@yahoo.com','9563134564','Chennai','Tamil Nadu',584013,'2022-02-24 00:00:00'),
(191,'Vihaan','Singh','vsingh769@yahoo.com','9961072534','Jaipur','Rajasthan',475277,'2022-10-22 00:00:00'),
(192,'Vihaan','Tiwari','vtiwari397@example.in','9993502678','Nagpur','Maharashtra',497675,'2023-09-10 00:00:00'),
(193,'Rudra','Kulkarni','rkulkarni302@example.in','9161153451','Kolkata','West Bengal',504909,'2023-09-04 00:00:00'),
(194,'Vihaan','Kulkarni','vkulkarni864@outlook.com','9453732105','Kochi','Kerala',754386,'2022-12-06 00:00:00'),
(195,'Saanvi','Das','sdas974@example.in','9989064966','Kolkata','West Bengal',163993,'2023-07-08 00:00:00'),
(196,'Anay','Sharma','asharma842@outlook.com','9554263009','Noida','Uttar Pradesh',162626,'2024-05-05 00:00:00'),
(197,'Aquib','Javed','aquib849@example.in','9697143007','Gurugram','Haryana',252236,'2023-03-20 00:00:00'),
(198,'Anika','Sharma','asharma690@gmail.com','9566757091','Nagpur','Maharashtra',562938,'2022-02-01 00:00:00'),
(199,'Aarya','Patel','apatel226@yahoo.com','9778262898','Gurugram','Haryana',690810,'2023-08-10 00:00:00'),
(200,'Tara','Nair','tnair561@gmail.com','9379346512','Gurugram','Haryana',511788,'2024-08-12 00:00:00'),
(201,'Aisha','Shetty','ashetty75@outlook.com','9621593622','Gurugram','Haryana',293463,'2023-08-22 00:00:00'),
(202,'Ayaan','Khanna','akhanna374@outlook.com','9913776236','Chandigarh','Chandigarh',684335,'2022-06-29 00:00:00'),
(203,'Tara','Gupta','tgupta880@yahoo.com','9817678868','Jaipur','Rajasthan',772028,'2023-07-07 00:00:00'),
(204,'Aarya','Rastogi','arastogi375@example.in','9277245356','Chennai','Tamil Nadu',371155,'2024-06-12 00:00:00'),
(205,'Ayaan','Chatterjee','achatterjee962@outlook.com','9072226573','Visakhapatnam','Andhra Pradesh',880619,'2023-10-11 00:00:00'),
(206,'Kartik','Desai','kdesai593@yahoo.com','9335802924','Jaipur','Rajasthan',644651,'2022-06-19 00:00:00'),
(207,'Krish','Gupta','kgupta659@outlook.com','9213712874','Noida','Uttar Pradesh',845642,'2022-05-11 00:00:00'),
(208,'Riya','Khanna','rkhanna138@gmail.com','9811954968','Pune','Maharashtra',592644,'2022-08-13 00:00:00'),
(209,'Ira','Mehta','imehta814@yahoo.com','9651695031','Chennai','Tamil Nadu',128541,'2022-04-09 00:00:00'),
(210,'Pranav','Bhandari','pbhandari615@gmail.com','9857069509','Kochi','Kerala',753052,'2024-04-01 00:00:00'),
(211,'Aarya','Joshi','ajoshi359@gmail.com','9427905520','Nagpur','Maharashtra',151066,'2022-11-20 00:00:00'),
(212,'Ira','Mukherjee','imukherjee159@example.in','9628432674','Hyderabad','Telangana',815495,'2024-03-03 00:00:00'),
(213,'Diya','Chatterjee','dchatterjee876@gmail.com','9746124356','Chennai','Tamil Nadu',119001,'2024-08-06 00:00:00'),
(214,'Tara','Pillai','tpillai66@outlook.com','9200396575','Bengaluru','Karnataka',364268,'2022-10-20 00:00:00'),
(215,'Rudra','Verma','rverma523@yahoo.com','9663690236','Kochi','Kerala',755700,'2022-10-19 00:00:00'),
(216,'Aisha','Tiwari','atiwari357@outlook.com','9926195241','Chandigarh','Chandigarh',253152,'2023-07-05 00:00:00'),
(217,'Riya','Khan','rkhan990@example.in','9577944501','Patna','Bihar',237278,'2023-02-27 00:00:00'),
(218,'Aarohi','Chawla','achawla10@outlook.com','9206809438','Gurugram','Haryana',517917,'2022-08-29 00:00:00'),
(219,'Dhruv','Goswami','dgoswami212@yahoo.com','9226119666','Jaipur','Rajasthan',183388,'2023-08-12 00:00:00'),
(220,'Kartik','Bhandari','kbhandari783@outlook.com','9371549038','Pune','Maharashtra',341530,'2023-11-22 00:00:00'),
(221,'Atharv','Nair','anair104@outlook.com','9381229314','Chandigarh','Chandigarh',773821,'2022-05-15 00:00:00'),
(222,'Riya','Trivedi','rtrivedi834@gmail.com','9785818740','Ahmedabad','Gujarat',749857,'2024-03-15 00:00:00'),
(223,'Kiara','Das','kdas576@gmail.com','9360846433','Jaipur','Rajasthan',534366,'2023-08-14 00:00:00'),
(224,'Riya','Rastogi','rrastogi179@outlook.com','9364783261','Gurugram','Haryana',369464,'2024-07-17 00:00:00'),
(225,'Arjun','Gupta','agupta352@yahoo.com','9367638797','Pune','Maharashtra',841076,'2024-08-21 00:00:00'),
(226,'Reyansh','Singh','rsingh407@gmail.com','9094075916','Pune','Maharashtra',268322,'2023-10-04 00:00:00'),
(227,'Arnav','Reddy','areddy859@yahoo.com','9068349524','Noida','Uttar Pradesh',354784,'2023-10-18 00:00:00'),
(228,'Zara','Das','zdas494@yahoo.com','9843230883','Indore','Madhya Pradesh',856472,'2024-02-24 00:00:00'),
(229,'Myra','Joshi','mjoshi612@yahoo.com','9751842768','Lucknow','Uttar Pradesh',424279,'2024-04-06 00:00:00'),
(230,'Kartik','Das','kdas829@outlook.com','9481266261','Gurugram','Haryana',119092,'2022-05-09 00:00:00'),
(231,'Sara','Chatterjee','schatterjee239@gmail.com','9143379473','Mumbai','Maharashtra',307041,'2024-05-11 00:00:00'),
(232,'Kabir','Desai','kdesai849@gmail.com','9172747047','Nagpur','Maharashtra',446336,'2022-02-13 00:00:00'),
(233,'Aisha','Chawla','achawla260@example.in','9618821631','Hyderabad','Telangana',553295,'2023-12-09 00:00:00'),
(234,'Aarya','Banerjee','abanerjee159@outlook.com','9724639703','Kochi','Kerala',377129,'2024-03-18 00:00:00'),
(235,'Aarohi','Joshi','ajoshi751@yahoo.com','9037207554','Patna','Bihar',353485,'2024-05-31 00:00:00'),
(236,'Aisha','Patel','apatel544@yahoo.com','9485475786','Bengaluru','Karnataka',672765,'2023-02-01 00:00:00'),
(237,'Rudra','Chawla','rchawla785@yahoo.com','9636150818','Visakhapatnam','Andhra Pradesh',411063,'2023-05-17 00:00:00'),
(238,'Mira','Mehta','mmehta263@gmail.com','9360924808','Chandigarh','Chandigarh',137887,'2022-03-01 00:00:00'),
(239,'Kavya','Khan','kkhan42@gmail.com','9802512316','Noida','Uttar Pradesh',355775,'2023-11-22 00:00:00'),
(240,'Navya','Banerjee','nbanerjee905@gmail.com','9114319433','Bhopal','Madhya Pradesh',684683,'2022-09-04 00:00:00'),
(241,'Riya','Kapoor','rkapoor385@outlook.com','9349002018','Kolkata','West Bengal',132808,'2023-12-08 00:00:00'),
(242,'Kartik','Tiwari','ktiwari524@yahoo.com','9041282235','Gurugram','Haryana',477718,'2023-12-08 00:00:00'),
(243,'Riya','Desai','rdesai610@outlook.com','9083793849','Hyderabad','Telangana',282660,'2024-03-07 00:00:00'),
(244,'Ananya','Verma','averma537@gmail.com','9353616997','Lucknow','Uttar Pradesh',222310,'2023-08-09 00:00:00'),
(245,'Vihaan','Kapoor','vkapoor269@gmail.com','9346741355','Nagpur','Maharashtra',422465,'2022-04-26 00:00:00'),
(246,'Ira','Pillai','ipillai357@yahoo.com','9350396941','Indore','Madhya Pradesh',192617,'2022-03-29 00:00:00'),
(247,'Sai','Chatterjee','schatterjee249@yahoo.com','9880614025','Delhi','Delhi',457569,'2023-12-13 00:00:00'),
(248,'Vivaan','Nair','vnair928@gmail.com','9202624906','Chandigarh','Chandigarh',680862,'2023-01-25 00:00:00'),
(249,'Ishita','Banerjee','ibanerjee926@outlook.com','9450195709','Hyderabad','Telangana',533133,'2023-10-03 00:00:00'),
(250,'Virat','Yadav','vyadav283@gmail.com','9688805218','Noida','Uttar Pradesh',303966,'2022-08-21 00:00:00'),
(251,'Ira','Yadav','iyadav157@example.in','9993521588','Chandigarh','Chandigarh',568949,'2024-02-28 00:00:00'),
(252,'Ayaan','Rastogi','arastogi940@yahoo.com','9359138778','Chandigarh','Chandigarh',793786,'2024-01-27 00:00:00'),
(253,'Kartik','Reddy','kreddy110@yahoo.com','9176252263','Kolkata','West Bengal',818461,'2023-02-01 00:00:00'),
(254,'Kiara','Bhandari','kbhandari168@yahoo.com','9249992622','Chennai','Tamil Nadu',399843,'2023-04-14 00:00:00'),
(255,'Dhruv','Pillai','dpillai795@gmail.com','9687395567','Nagpur','Maharashtra',154809,'2023-06-16 00:00:00'),
(256,'Zara','Nair','znair572@example.in','9560233844','Delhi','Delhi',169460,'2023-05-28 00:00:00'),
(257,'Sai','Patel','spatel961@yahoo.com','9330488803','Chandigarh','Chandigarh',371143,'2023-06-21 00:00:00'),
(258,'Ananya','Chatterjee','achatterjee627@yahoo.com','9337956181','Noida','Uttar Pradesh',143746,'2022-05-01 00:00:00'),
(259,'Arnav','Singh','asingh638@outlook.com','9044864264','Mumbai','Maharashtra',806256,'2023-07-25 00:00:00'),
(260,'Atharv','Verma','averma152@gmail.com','9608682904','Pune','Maharashtra',312665,'2023-07-30 00:00:00'),
(261,'Pranav','Shetty','pshetty369@gmail.com','9023304521','Chandigarh','Chandigarh',534220,'2023-08-09 00:00:00'),
(262,'Mira','Gupta','mgupta742@outlook.com','9482569647','Visakhapatnam','Andhra Pradesh',841679,'2022-01-02 00:00:00'),
(263,'Sai','Sharma','ssharma641@gmail.com','9726403826','Patna','Bihar',520357,'2022-04-27 00:00:00'),
(264,'Aadhya','Bose','abose742@gmail.com','9818944011','Nagpur','Maharashtra',885374,'2024-01-31 00:00:00'),
(265,'Vihaan','Desai','vdesai307@outlook.com','9505397018','Noida','Uttar Pradesh',696853,'2023-09-02 00:00:00'),
(266,'Sai','Goswami','sgoswami723@outlook.com','9720838351','Lucknow','Uttar Pradesh',677940,'2023-05-10 00:00:00'),
(267,'Ishita','Reddy','ireddy349@example.in','9757188961','Kolkata','West Bengal',147509,'2023-12-05 00:00:00'),
(268,'Tara','Goswami','tgoswami342@example.in','9817707622','Bengaluru','Karnataka',523411,'2022-10-08 00:00:00'),
(269,'Sai','Sharma','ssharma574@gmail.com','9233172206','Kochi','Kerala',650090,'2023-01-28 00:00:00'),
(270,'Vihaan','Gupta','vgupta402@yahoo.com','9786643317','Bhopal','Madhya Pradesh',297418,'2024-07-30 00:00:00'),
(271,'Navya','Iyer','niyer318@example.in','9491823193','Patna','Bihar',640434,'2022-06-24 00:00:00'),
(272,'Anay','Kulkarni','akulkarni619@yahoo.com','9547150345','Indore','Madhya Pradesh',465933,'2024-04-13 00:00:00'),
(273,'Meera','Pillai','mpillai581@outlook.com','9526095454','Bhopal','Madhya Pradesh',281901,'2024-04-13 00:00:00'),
(274,'Tara','Kulkarni','tkulkarni336@example.in','9602157876','Nagpur','Maharashtra',853516,'2022-11-21 00:00:00'),
(275,'Virat','Khanna','vkhanna941@example.in','9799565880','Lucknow','Uttar Pradesh',105912,'2022-02-01 00:00:00'),
(276,'Dhruv','Pillai','dpillai404@outlook.com','9744211583','Chandigarh','Chandigarh',719610,'2022-01-17 00:00:00'),
(277,'Ayaan','Chatterjee','achatterjee674@example.in','9911888696','Visakhapatnam','Andhra Pradesh',855431,'2023-09-12 00:00:00'),
(278,'Aarav','Khanna','akhanna868@yahoo.com','9729500435','Visakhapatnam','Andhra Pradesh',217997,'2023-04-22 00:00:00'),
(279,'Mira','Gupta','mgupta912@gmail.com','9266665569','Noida','Uttar Pradesh',145474,'2024-09-10 00:00:00'),
(280,'Anay','Das','adas37@outlook.com','9750410986','Pune','Maharashtra',541072,'2023-09-23 00:00:00'),
(281,'Kartik','Khan','kkhan15@gmail.com','9697631721','Jaipur','Rajasthan',130191,'2023-05-23 00:00:00'),
(282,'Ira','Kulkarni','ikulkarni244@example.in','9715802804','Nagpur','Maharashtra',837753,'2023-12-24 00:00:00'),
(283,'Ananya','Bhandari','abhandari149@example.in','9094696096','Jaipur','Rajasthan',766228,'2022-09-19 00:00:00'),
(284,'Meera','Nair','mnair792@yahoo.com','9751361568','Patna','Bihar',145637,'2022-09-15 00:00:00'),
(285,'Rudra','Verma','rverma635@gmail.com','9058251906','Mumbai','Maharashtra',768598,'2023-12-14 00:00:00'),
(286,'Pranav','Khan','pkhan479@gmail.com','9692497310','Lucknow','Uttar Pradesh',133092,'2023-03-28 00:00:00'),
(287,'Arjun','Bhandari','abhandari625@example.in','9141726971','Kolkata','West Bengal',207704,'2023-10-31 00:00:00'),
(288,'Aarav','Tiwari','atiwari681@example.in','9279559448','Delhi','Delhi',250984,'2023-08-04 00:00:00'),
(289,'Zara','Tiwari','ztiwari342@outlook.com','9469059047','Indore','Madhya Pradesh',410316,'2024-07-06 00:00:00'),
(290,'Ambuj','Rastogi','mrastogi499@gmail.com','9841009237','Indore','Madhya Pradesh',549890,'2022-12-14 00:00:00'),
(291,'Vihaan','Bose','vbose416@gmail.com','9265985720','Delhi','Delhi',340962,'2023-10-27 00:00:00'),
(292,'Arnav','Sharma','asharma648@gmail.com','9980680815','Pune','Maharashtra',402387,'2023-02-16 00:00:00'),
(293,'Anika','Iyer','aiyer559@yahoo.com','9392010271','Chandigarh','Chandigarh',654900,'2024-05-17 00:00:00'),
(294,'Kavya','Nair','knair17@example.in','9009752674','Pune','Maharashtra',326549,'2023-09-18 00:00:00'),
(295,'Aditya','Mehta','amehta735@example.in','9608345199','Pune','Maharashtra',689546,'2022-08-02 00:00:00'),
(296,'Kartik','Verma','kverma116@yahoo.com','9694160624','Kolkata','West Bengal',668410,'2023-07-05 00:00:00'),
(297,'Pranav','Patel','ppatel497@gmail.com','9024547821','Mumbai','Maharashtra',407832,'2023-04-28 00:00:00'),
(298,'Meera','Bhandari','mbhandari912@example.in','9194317692','Delhi','Delhi',305214,'2023-03-05 00:00:00'),
(299,'Ishaan','Kulkarni','ikulkarni226@outlook.com','9676619808','Surat','Gujarat',882440,'2023-03-15 00:00:00'),
(300,'Dhruv','Yadav','dyadav445@yahoo.com','9851509047','Surat','Gujarat',143860,'2023-05-23 00:00:00'),
(301,'Dhruv','Gupta','dgupta772@gmail.com','9642329061','Gurugram','Haryana',887047,'2024-06-14 00:00:00'),
(302,'Diya','Patel','dpatel642@example.in','9706365276','Indore','Madhya Pradesh',470870,'2024-08-26 00:00:00'),
(303,'Saanvi','Mishra','smishra114@example.in','9363150729','Delhi','Delhi',456778,'2023-12-21 00:00:00'),
(304,'Atharv','Kulkarni','akulkarni329@outlook.com','9854034584','Ahmedabad','Gujarat',543669,'2024-06-23 00:00:00'),
(305,'Arjun','Singh','asingh90@gmail.com','9319011112','Patna','Bihar',129513,'2023-03-31 00:00:00'),
(306,'Vivaan','Das','vdas65@gmail.com','9829643635','Kolkata','West Bengal',845837,'2022-08-21 00:00:00'),
(307,'Aarya','Mukherjee','amukherjee789@gmail.com','9129615117','Lucknow','Uttar Pradesh',311954,'2023-01-14 00:00:00'),
(308,'Pranav','Singh','psingh725@gmail.com','9691495109','Gurugram','Haryana',399195,'2023-06-04 00:00:00'),
(309,'Aadhya','Rastogi','arastogi486@outlook.com','9979677931','Lucknow','Uttar Pradesh',891534,'2024-05-11 00:00:00'),
(310,'Krish','Shetty','kshetty95@outlook.com','9065292054','Indore','Madhya Pradesh',293465,'2022-02-27 00:00:00'),
(311,'Saanvi','Nair','snair734@example.in','9332398074','Chennai','Tamil Nadu',782894,'2024-07-06 00:00:00'),
(312,'Ira','Reddy','ireddy613@gmail.com','9139539530','Chandigarh','Chandigarh',545771,'2022-07-10 00:00:00'),
(313,'Ananya','Das','adas503@gmail.com','9835472713','Gurugram','Haryana',816219,'2023-10-23 00:00:00'),
(314,'Dhruv','Sharma','dsharma784@outlook.com','9495344269','Hyderabad','Telangana',237025,'2022-05-30 00:00:00'),
(315,'Anika','Shetty','ashetty366@yahoo.com','9036902601','Chennai','Tamil Nadu',375133,'2024-05-15 00:00:00'),
(316,'Virat','Khan','vkhan99@outlook.com','9805343911','Indore','Madhya Pradesh',487569,'2024-05-16 00:00:00'),
(317,'Zara','Banerjee','zbanerjee720@gmail.com','9491103614','Gurugram','Haryana',613711,'2023-12-12 00:00:00'),
(318,'Ayaan','Banerjee','abanerjee315@yahoo.com','9294710441','Ahmedabad','Gujarat',175012,'2022-03-09 00:00:00'),
(319,'Virat','Trivedi','vtrivedi773@gmail.com','9792913089','Mumbai','Maharashtra',638765,'2022-03-11 00:00:00'),
(320,'Srikant','Desai','mdesai782@gmail.com','9579170799','Chandigarh','Chandigarh',835491,'2022-12-30 00:00:00'),
(321,'Ananya','Pillai','apillai527@yahoo.com','9473454327','Kolkata','West Bengal',231263,'2024-09-26 00:00:00'),
(322,'Sara','Yadav','syadav418@outlook.com','9948889306','Gurugram','Haryana',235613,'2023-12-13 00:00:00'),
(323,'Meera','Iyer','miyer67@outlook.com','9935918727','Pune','Maharashtra',578936,'2024-08-30 00:00:00'),
(324,'Diya','Bhandari','dbhandari286@yahoo.com','9712461000','Noida','Uttar Pradesh',193616,'2022-04-09 00:00:00'),
(325,'Arjun','Trivedi','atrivedi786@example.in','9726423859','Noida','Uttar Pradesh',198148,'2023-03-30 00:00:00'),
(326,'Navya','Verma','nverma182@outlook.com','9814337545','Delhi','Delhi',848534,'2024-09-21 00:00:00'),
(327,'Ananya','Mehta','amehta785@outlook.com','9300837083','Indore','Madhya Pradesh',249402,'2022-08-29 00:00:00'),
(328,'Virat','Khanna','vkhanna933@gmail.com','9811506454','Bengaluru','Karnataka',165933,'2023-08-10 00:00:00'),
(329,'Saba','Khan','saba103@yahoo.com','9357363448','Visakhapatnam','Andhra Pradesh',285209,'2023-02-16 00:00:00'),
(330,'Krish','Mehta','kmehta735@gmail.com','9525543085','Bengaluru','Karnataka',545246,'2023-04-10 00:00:00'),
(331,'Aisha','Patel','apatel643@yahoo.com','9529749567','Mumbai','Maharashtra',797024,'2022-09-04 00:00:00'),
(332,'Ayaan','Chatterjee','achatterjee865@example.in','9489682216','Lucknow','Uttar Pradesh',441128,'2023-04-21 00:00:00'),
(333,'Kiara','Kapoor','kkapoor433@gmail.com','9220725607','Bhopal','Madhya Pradesh',108320,'2024-09-05 00:00:00'),
(334,'Ira','Mishra','imishra688@gmail.com','9388255165','Indore','Madhya Pradesh',540573,'2024-05-02 00:00:00'),
(335,'Meera','Chatterjee','mchatterjee826@yahoo.com','9921224805','Nagpur','Maharashtra',234698,'2024-08-17 00:00:00'),
(336,'Ayaan','Mukherjee','amukherjee733@outlook.com','9809686967','Visakhapatnam','Andhra Pradesh',423679,'2023-12-03 00:00:00'),
(337,'Sai','Kapoor','skapoor879@example.in','9393920822','Ahmedabad','Gujarat',396874,'2022-02-04 00:00:00'),
(338,'Kartik','Goswami','kgoswami843@example.in','9448788865','Bengaluru','Karnataka',647536,'2024-02-20 00:00:00'),
(339,'Vihaan','Rastogi','vrastogi646@example.in','9714630159','Pune','Maharashtra',386734,'2024-01-23 00:00:00'),
(340,'Arnav','Khan','akhan704@outlook.com','9714189829','Pune','Maharashtra',499171,'2023-02-15 00:00:00'),
(341,'Kavya','Pillai','kpillai267@yahoo.com','9039174946','Kochi','Kerala',222982,'2024-02-04 00:00:00'),
(342,'Kiara','Nair','knair442@yahoo.com','9692644122','Chennai','Tamil Nadu',893640,'2022-05-17 00:00:00'),
(343,'Anika','Banerjee','abanerjee704@yahoo.com','9777200329','Nagpur','Maharashtra',105396,'2022-05-16 00:00:00'),
(344,'Aisha','Verma','averma184@outlook.com','9143407423','Chandigarh','Chandigarh',349234,'2024-07-13 00:00:00'),
(345,'Kabir','Mehta','kmehta530@outlook.com','9417495964','Jaipur','Rajasthan',412027,'2023-03-23 00:00:00'),
(346,'Sai','Mishra','smishra42@example.in','9374488108','Visakhapatnam','Andhra Pradesh',387856,'2022-08-06 00:00:00'),
(347,'Meera','Sharma','msharma786@yahoo.com','9407680663','Noida','Uttar Pradesh',281086,'2023-04-10 00:00:00'),
(348,'Kartik','Mehta','kmehta338@gmail.com','9693779520','Mumbai','Maharashtra',530093,'2023-02-13 00:00:00'),
(349,'Kabir','Patel','kpatel989@example.in','9081727614','Ahmedabad','Gujarat',779963,'2022-04-09 00:00:00'),
(350,'Saanvi','Chawla','schawla502@example.in','9845478644','Kolkata','West Bengal',159667,'2024-08-11 00:00:00');




INSERT INTO products (product_id, product_name, category, brand, unit_price, is_active) VALUES
(1,'FunBox Toys Item 1','Toys','FunBox',1943.24,1),
(2,'EthnoWear Fashion Item 2','Fashion','EthnoWear',2499.63,1),
(3,'StreetLine Fashion Item 3','Fashion','StreetLine',1710.85,1),
(4,'Harvest Grocery Item 4','Grocery','Harvest',906.86,1),
(5,'Aura Beauty Item 5','Beauty','Aura',1339.42,1),
(6,'Nova Electronics Item 6','Electronics','Nova',5977.15,1),
(7,'Nova Electronics Item 7','Electronics','Nova',7796.48,1),
(8,'PageTurner Books Item 8','Books','PageTurner',323.80,1),
(9,'HomeEase Home & Kitchen Item 9','Home & Kitchen','HomeEase',2186.91,1),
(10,'UrbanWeave Fashion Item 10','Fashion','UrbanWeave',834.50,1),
(11,'PlayHub Toys Item 11','Toys','PlayHub',2389.60,1),
(12,'LitWorld Books Item 12','Books','LitWorld',303.09,1),
(13,'HomeEase Home & Kitchen Item 13','Home & Kitchen','HomeEase',4779.23,1),
(14,'FunBox Toys Item 14','Toys','FunBox',1431.35,1),
(15,'HomeEase Home & Kitchen Item 15','Home & Kitchen','HomeEase',7739.41,1),
(16,'FreshMart Grocery Item 16','Grocery','FreshMart',225.65,1),
(17,'KitchenPro Home & Kitchen Item 17','Home & Kitchen','KitchenPro',1028.38,1),
(18,'Apex Electronics Item 18','Electronics','Apex',24603.63,1),
(19,'VoltX Electronics Item 19','Electronics','VoltX',39864.36,1),
(20,'FunBox Toys Item 20','Toys','FunBox',1303.51,1),
(21,'ToyJoy Toys Item 21','Toys','ToyJoy',1911.72,1),
(22,'ActiveX Sports Item 22','Sports','ActiveX',6834.89,1),
(23,'PageTurner Books Item 23','Books','PageTurner',311.12,1),
(24,'FreshMart Grocery Item 24','Grocery','FreshMart',231.07,1),
(25,'VoltX Electronics Item 25','Electronics','VoltX',51752.20,1),
(26,'HerbalPure Beauty Item 26','Beauty','HerbalPure',1980.01,1),
(27,'HerbalPure Beauty Item 27','Beauty','HerbalPure',2541.06,1),
(28,'GlowCraft Beauty Item 28','Beauty','GlowCraft',971.66,1),
(29,'PlayHub Toys Item 29','Toys','PlayHub',1499.87,1),
(30,'Apex Electronics Item 30','Electronics','Apex',11217.17,1),
(31,'Harvest Grocery Item 31','Grocery','Harvest',716.77,1),
(32,'ToyJoy Toys Item 32','Toys','ToyJoy',204.94,1),
(33,'FunBox Toys Item 33','Toys','FunBox',840.49,1),
(34,'KitchenPro Home & Kitchen Item 34','Home & Kitchen','KitchenPro',6668.72,1),
(35,'LitWorld Books Item 35','Books','LitWorld',766.62,1),
(36,'StreetLine Fashion Item 36','Fashion','StreetLine',4902.59,1),
(37,'FunBox Toys Item 37','Toys','FunBox',1798.18,1),
(38,'CasaJoy Home & Kitchen Item 38','Home & Kitchen','CasaJoy',4001.47,1),
(39,'FunBox Toys Item 39','Toys','FunBox',1833.46,1),
(40,'PlayHub Toys Item 40','Toys','PlayHub',2184.73,1),
(41,'Zenith Electronics Item 41','Electronics','Zenith',35219.60,1),
(42,'EthnoWear Fashion Item 42','Fashion','EthnoWear',4495.52,1),
(43,'PageTurner Books Item 43','Books','PageTurner',365.34,1),
(44,'ProGear Sports Item 44','Sports','ProGear',7064.89,1),
(45,'VoltX Electronics Item 45','Electronics','VoltX',18348.63,1),
(46,'HerbalPure Beauty Item 46','Beauty','HerbalPure',1096.16,1),
(47,'Aura Beauty Item 47','Beauty','Aura',736.14,1),
(48,'ActiveX Sports Item 48','Sports','ActiveX',8577.50,1),
(49,'PlayHub Toys Item 49','Toys','PlayHub',2666.04,1),
(50,'PageTurner Books Item 50','Books','PageTurner',1690.20,1),
(51,'ProGear Sports Item 51','Sports','ProGear',8056.62,1),
(52,'Harvest Grocery Item 52','Grocery','Harvest',246.64,1),
(53,'StreetLine Fashion Item 53','Fashion','StreetLine',905.75,1),
(54,'GlowCraft Beauty Item 54','Beauty','GlowCraft',1855.67,1),
(55,'StreetLine Fashion Item 55','Fashion','StreetLine',4731.36,1),
(56,'ToyJoy Toys Item 56','Toys','ToyJoy',817.95,1),
(57,'Apex Electronics Item 57','Electronics','Apex',22489.03,1),
(58,'HomeEase Home & Kitchen Item 58','Home & Kitchen','HomeEase',5479.04,1),
(59,'Harvest Grocery Item 59','Grocery','Harvest',80.34,1),
(60,'EthnoWear Fashion Item 60','Fashion','EthnoWear',2322.92,1),
(61,'GlowCraft Beauty Item 61','Beauty','GlowCraft',1728.75,1),
(62,'ToyJoy Toys Item 62','Toys','ToyJoy',2980.94,1),
(63,'FitNation Sports Item 63','Sports','FitNation',7768.92,1),
(64,'CasaJoy Home & Kitchen Item 64','Home & Kitchen','CasaJoy',6855.58,1),
(65,'UrbanWeave Fashion Item 65','Fashion','UrbanWeave',4654.17,1),
(66,'ToyJoy Toys Item 66','Toys','ToyJoy',2892.54,1),
(67,'UrbanWeave Fashion Item 67','Fashion','UrbanWeave',3972.77,1),
(68,'UrbanWeave Fashion Item 68','Fashion','UrbanWeave',2683.34,1),
(69,'Harvest Grocery Item 69','Grocery','Harvest',162.04,1),
(70,'HerbalPure Beauty Item 70','Beauty','HerbalPure',554.39,1),
(71,'KitchenPro Home & Kitchen Item 71','Home & Kitchen','KitchenPro',3642.84,1),
(72,'FunBox Toys Item 72','Toys','FunBox',2629.90,1),
(73,'Harvest Grocery Item 73','Grocery','Harvest',395.19,1),
(74,'FreshMart Grocery Item 74','Grocery','FreshMart',855.32,1),
(75,'ToyJoy Toys Item 75','Toys','ToyJoy',2341.28,1),
(76,'VoltX Electronics Item 76','Electronics','VoltX',50336.58,1),
(77,'ToyJoy Toys Item 77','Toys','ToyJoy',966.26,1),
(78,'FreshMart Grocery Item 78','Grocery','FreshMart',302.45,1),
(79,'PageTurner Books Item 79','Books','PageTurner',1313.46,1),
(80,'GlowCraft Beauty Item 80','Beauty','GlowCraft',2283.30,1),
(81,'LitWorld Books Item 81','Books','LitWorld',404.29,1),
(82,'PageTurner Books Item 82','Books','PageTurner',1847.34,1),
(83,'FunBox Toys Item 83','Toys','FunBox',2413.63,1),
(84,'FitNation Sports Item 84','Sports','FitNation',4592.01,1),
(85,'Nova Electronics Item 85','Electronics','Nova',56703.11,1),
(86,'EthnoWear Fashion Item 86','Fashion','EthnoWear',1778.58,1),
(87,'DailyKart Grocery Item 87','Grocery','DailyKart',108.33,1),
(88,'VoltX Electronics Item 88','Electronics','VoltX',54296.90,1),
(89,'Nova Electronics Item 89','Electronics','Nova',58400.68,1),
(90,'PageTurner Books Item 90','Books','PageTurner',1787.70,1),
(91,'KitchenPro Home & Kitchen Item 91','Home & Kitchen','KitchenPro',5992.04,1),
(92,'FitNation Sports Item 92','Sports','FitNation',8320.93,1),
(93,'Harvest Grocery Item 93','Grocery','Harvest',433.34,1),
(94,'Aura Beauty Item 94','Beauty','Aura',1909.64,1),
(95,'FunBox Toys Item 95','Toys','FunBox',1132.96,1),
(96,'LitWorld Books Item 96','Books','LitWorld',1778.80,1),
(97,'UrbanWeave Fashion Item 97','Fashion','UrbanWeave',2824.94,1),
(98,'EduBooks Books Item 98','Books','EduBooks',1478.93,1),
(99,'Harvest Grocery Item 99','Grocery','Harvest',991.34,1),
(100,'CasaJoy Home & Kitchen Item 100','Home & Kitchen','CasaJoy',922.99,1),
(101,'KitchenPro Home & Kitchen Item 101','Home & Kitchen','KitchenPro',2856.53,1),
(102,'FreshMart Grocery Item 102','Grocery','FreshMart',76.47,1),
(103,'CasaJoy Home & Kitchen Item 103','Home & Kitchen','CasaJoy',6690.39,1),
(104,'KitchenPro Home & Kitchen Item 104','Home & Kitchen','KitchenPro',3496.42,1),
(105,'UrbanWeave Fashion Item 105','Fashion','UrbanWeave',4254.44,1),
(106,'KitchenPro Home & Kitchen Item 106','Home & Kitchen','KitchenPro',4157.50,1),
(107,'UrbanWeave Fashion Item 107','Fashion','UrbanWeave',3854.83,1),
(108,'StreetLine Fashion Item 108','Fashion','StreetLine',1699.42,1),
(109,'Zenith Electronics Item 109','Electronics','Zenith',21330.35,1),
(110,'Aura Beauty Item 110','Beauty','Aura',2967.10,1),
(111,'HerbalPure Beauty Item 111','Beauty','HerbalPure',966.68,1),
(112,'Harvest Grocery Item 112','Grocery','Harvest',408.40,1),
(113,'GlowCraft Beauty Item 113','Beauty','GlowCraft',1049.76,1),
(114,'HerbalPure Beauty Item 114','Beauty','HerbalPure',1416.50,1),
(115,'Harvest Grocery Item 115','Grocery','Harvest',453.98,1),
(116,'LitWorld Books Item 116','Books','LitWorld',319.66,1),
(117,'LitWorld Books Item 117','Books','LitWorld',1030.07,1),
(118,'PlayHub Toys Item 118','Toys','PlayHub',1201.49,1),
(119,'EduBooks Books Item 119','Books','EduBooks',1183.09,1),
(120,'PageTurner Books Item 120','Books','PageTurner',1229.96,1);



INSERT INTO orders (order_id, customer_id, order_datetime, payment_method, order_status, shipping_city, shipping_state, shipping_pincode, order_total) VALUES
(1,326,'2025-03-09 14:44:00','COD','DELIVERED','Delhi','Delhi',848534,34677.49),
(2,214,'2024-06-15 04:32:00','UPI','DELIVERED','Bengaluru','Karnataka',364268,2309.37),
(3,67,'2025-06-09 16:07:00','Debit Card','DELIVERED','Patna','Bihar',690607,6877.02),
(4,17,'2024-06-09 17:23:00','COD','CONFIRMED','Delhi','Delhi',463589,1529.48),
(5,210,'2024-04-22 03:23:00','Credit Card','PLACED','Kochi','Kerala',753052,5395.26),
(6,79,'2024-04-30 11:19:00','Wallet','SHIPPED','Hyderabad','Telangana',729906,1778.80),
(7,249,'2024-01-29 04:09:00','NetBanking','DELIVERED','Hyderabad','Telangana',533133,4319.64),
(8,157,'2024-10-17 06:11:00','NetBanking','DELIVERED','Chandigarh','Chandigarh',642202,103217.16),
(9,63,'2025-07-14 11:04:00','COD','DELIVERED','Surat','Gujarat',144034,93441.08),
(10,294,'2024-11-13 18:28:00','COD','DELIVERED','Pune','Maharashtra',326549,5082.12),
(11,244,'2024-05-15 04:32:00','Debit Card','DELIVERED','Lucknow','Uttar Pradesh',222310,4264.48),
(12,342,'2025-04-04 04:55:00','Debit Card','CONFIRMED','Chennai','Tamil Nadu',893640,11403.31),
(13,320,'2025-02-23 12:14:00','COD','SHIPPED','Chandigarh','Chandigarh',835491,56703.11),
(14,24,'2025-03-29 23:17:00','Debit Card','RETURN_REQUESTED','Bhopal','Madhya Pradesh',698675,4781.33),
(15,13,'2025-08-08 20:50:00','NetBanking','SHIPPED','Noida','Uttar Pradesh',164559,4731.36),
(16,331,'2024-05-06 20:35:00','UPI','RETURNED','Mumbai','Maharashtra',797024,4693.91),
(17,278,'2025-08-13 01:36:00','Credit Card','DELIVERED','Visakhapatnam','Andhra Pradesh',217997,303.68),
(18,258,'2024-01-20 03:42:00','COD','SHIPPED','Noida','Uttar Pradesh',143746,10117.81),
(19,10,'2024-10-08 06:15:00','NetBanking','CANCELLED','Visakhapatnam','Andhra Pradesh',207811,2244.48),
(20,297,'2025-03-30 02:51:00','Credit Card','SHIPPED','Mumbai','Maharashtra',407832,3090.21),
(21,302,'2024-02-16 15:55:00','COD','SHIPPED','Indore','Madhya Pradesh',470870,20882.34),
(22,93,'2025-02-28 00:55:00','Credit Card','DELIVERED','Kolkata','West Bengal',561252,11875.73),
(23,47,'2024-04-27 03:34:00','UPI','CONFIRMED','Ahmedabad','Gujarat',864684,9708.74),
(24,131,'2024-04-01 04:19:00','Wallet','DELIVERED','Chandigarh','Chandigarh',337228,5793.02),
(25,31,'2024-11-29 05:01:00','Debit Card','SHIPPED','Patna','Bihar',532924,4001.47),
(26,51,'2024-11-23 04:26:00','COD','SHIPPED','Hyderabad','Telangana',121372,840.49),
(27,62,'2024-02-23 06:15:00','NetBanking','DELIVERED','Kochi','Kerala',790297,13711.16),
(28,253,'2025-06-04 16:24:00','COD','SHIPPED','Kolkata','West Bengal',818461,11121.34),
(29,163,'2025-04-20 17:26:00','UPI','PLACED','Hyderabad','Telangana',382990,5332.08),
(30,325,'2024-08-27 00:17:00','Credit Card','DELIVERED','Noida','Uttar Pradesh',198148,4080.65),
(31,52,'2024-09-09 17:41:00','NetBanking','SHIPPED','Ahmedabad','Gujarat',219340,5447.33),
(32,209,'2025-04-01 02:54:00','Debit Card','SHIPPED','Chennai','Tamil Nadu',128541,33480.13),
(33,73,'2025-01-17 17:10:00','NetBanking','DELIVERED','Ahmedabad','Gujarat',286712,61852.29),
(34,217,'2025-07-22 14:02:00','UPI','DELIVERED','Patna','Bihar',237278,1519.56),
(35,318,'2024-10-23 20:10:00','UPI','RETURNED','Ahmedabad','Gujarat',175012,647.60),
(36,247,'2024-10-06 19:16:00','NetBanking','DELIVERED','Delhi','Delhi',457569,4566.60),
(37,180,'2024-08-05 18:53:00','Credit Card','PLACED','Bengaluru','Karnataka',520888,3627.44),
(38,274,'2025-07-30 02:19:00','UPI','DELIVERED','Nagpur','Maharashtra',853516,2719.56),
(39,72,'2025-07-23 08:56:00','Credit Card','DELIVERED','Nagpur','Maharashtra',227291,3745.19),
(40,163,'2024-12-16 20:16:00','Wallet','DELIVERED','Hyderabad','Telangana',382990,8594.03),
(41,140,'2024-09-08 21:20:00','UPI','DELIVERED','Lucknow','Uttar Pradesh',353686,7815.86),
(42,307,'2024-12-02 00:58:00','Debit Card','DELIVERED','Lucknow','Uttar Pradesh',311954,35219.60),
(43,2,'2025-05-02 00:57:00','UPI','SHIPPED','Pune','Maharashtra',859358,5186.30),
(44,285,'2025-05-15 12:34:00','UPI','RETURN_REQUESTED','Mumbai','Maharashtra',768598,20207.82),
(45,334,'2024-03-20 17:01:00','COD','CANCELLED','Indore','Madhya Pradesh',540573,5992.04),
(46,228,'2024-05-06 11:52:00','UPI','DELIVERED','Indore','Madhya Pradesh',856472,30187.83),
(47,199,'2024-06-30 22:00:00','UPI','DELIVERED','Gurugram','Haryana',690810,2559.44),
(48,99,'2025-03-31 00:14:00','Debit Card','DELIVERED','Hyderabad','Telangana',566013,2306.91),
(49,349,'2025-01-01 06:05:00','NetBanking','DELIVERED','Ahmedabad','Gujarat',779963,34485.28),
(50,114,'2024-08-27 15:23:00','UPI','DELIVERED','Nagpur','Maharashtra',289296,6965.47),
(51,311,'2024-08-02 00:12:00','Wallet','DELIVERED','Chennai','Tamil Nadu',782894,303.68),
(52,57,'2024-10-11 18:32:00','Credit Card','DELIVERED','Patna','Bihar',707867,1725.60),
(53,338,'2025-08-02 21:43:00','Debit Card','SHIPPED','Bengaluru','Karnataka',647536,2308.44),
(54,302,'2024-05-11 23:04:00','UPI','RETURNED','Indore','Madhya Pradesh',470870,5036.19),
(55,117,'2025-06-19 23:50:00','UPI','CANCELLED','Nagpur','Maharashtra',373103,23905.53),
(56,12,'2025-06-29 19:16:00','Debit Card','RETURN_REQUESTED','Nagpur','Maharashtra',520703,680.14),
(57,2,'2025-03-13 20:43:00','COD','CONFIRMED','Pune','Maharashtra',859358,20959.85),
(58,166,'2025-03-18 13:17:00','UPI','DELIVERED','Jaipur','Rajasthan',212877,8478.97),
(59,254,'2025-01-05 16:48:00','UPI','DELIVERED','Chennai','Tamil Nadu',399843,27017.44),
(60,25,'2024-10-11 13:34:00','Credit Card','PLACED','Pune','Maharashtra',423512,13473.34),
(61,100,'2024-12-08 02:56:00','Credit Card','PLACED','Lucknow','Uttar Pradesh',878876,6170.02),
(62,116,'2025-03-09 02:58:00','UPI','SHIPPED','Nagpur','Maharashtra',793674,11580.06),
(63,160,'2024-03-05 20:40:00','UPI','DELIVERED','Gurugram','Haryana',810120,1782.01),
(64,13,'2024-12-08 08:15:00','UPI','SHIPPED','Noida','Uttar Pradesh',164559,9766.39),
(65,175,'2024-02-25 10:33:00','NetBanking','RETURNED','Delhi','Delhi',744057,7051.32),
(66,308,'2025-03-25 03:40:00','Credit Card','CONFIRMED','Gurugram','Haryana',399195,16123.01),
(67,32,'2024-02-04 12:20:00','COD','DELIVERED','Kochi','Kerala',151245,12645.08),
(68,66,'2024-03-04 14:03:00','UPI','DELIVERED','Kochi','Kerala',132690,3657.01),
(69,34,'2024-04-14 21:03:00','Credit Card','SHIPPED','Gurugram','Haryana',610529,11328.29),
(70,196,'2025-02-15 03:39:00','NetBanking','SHIPPED','Noida','Uttar Pradesh',162626,5539.87),
(71,307,'2024-01-11 14:24:00','Credit Card','DELIVERED','Lucknow','Uttar Pradesh',311954,11217.17),
(72,318,'2024-04-13 10:41:00','COD','DELIVERED','Ahmedabad','Gujarat',175012,15447.06),
(73,233,'2025-06-13 10:37:00','UPI','CONFIRMED','Hyderabad','Telangana',553295,726.36),
(74,305,'2024-03-10 18:50:00','NetBanking','RETURNED','Patna','Bihar',129513,12237.29),
(75,65,'2025-06-05 08:22:00','Credit Card','DELIVERED','Hyderabad','Telangana',217477,2872.91),
(76,228,'2024-07-09 07:08:00','NetBanking','CONFIRMED','Indore','Madhya Pradesh',856472,4540.27),
(77,160,'2025-08-21 13:32:00','Wallet','DELIVERED','Gurugram','Haryana',810120,22287.28),
(78,160,'2025-08-20 17:49:00','UPI','DELIVERED','Gurugram','Haryana',810120,1689.86),
(79,309,'2024-12-17 09:23:00','Wallet','DELIVERED','Lucknow','Uttar Pradesh',891534,1361.94),
(80,337,'2024-05-28 01:15:00','Credit Card','CANCELLED','Ahmedabad','Gujarat',396874,1138.51),
(81,28,'2025-03-08 11:12:00','Wallet','DELIVERED','Delhi','Delhi',193676,52448.06),
(82,104,'2024-03-11 10:12:00','Debit Card','DELIVERED','Nagpur','Maharashtra',441187,6240.50),
(83,240,'2024-12-05 18:36:00','Wallet','DELIVERED','Bhopal','Madhya Pradesh',684683,319.66),
(84,215,'2024-12-02 05:06:00','Credit Card','DELIVERED','Kochi','Kerala',755700,15058.07),
(85,22,'2025-05-22 07:58:00','UPI','SHIPPED','Mumbai','Maharashtra',362660,946.47),
(86,118,'2025-04-22 19:13:00','UPI','DELIVERED','Chennai','Tamil Nadu',123099,1737.54),
(87,170,'2025-01-19 06:25:00','UPI','RETURNED','Nagpur','Maharashtra',655264,7199.63),
(88,186,'2024-01-11 02:22:00','UPI','CONFIRMED','Indore','Madhya Pradesh',403675,1787.70),
(89,149,'2025-03-26 06:40:00','Credit Card','DELIVERED','Pune','Maharashtra',418366,3352.77),
(90,23,'2024-01-31 06:12:00','UPI','SHIPPED','Lucknow','Uttar Pradesh',742607,17422.06),
(91,135,'2024-06-27 10:54:00','Credit Card','SHIPPED','Jaipur','Rajasthan',204126,1359.54),
(92,12,'2024-06-29 08:58:00','UPI','CANCELLED','Nagpur','Maharashtra',520703,753.00),
(93,71,'2025-01-23 20:50:00','COD','SHIPPED','Pune','Maharashtra',891654,2150.64),
(94,108,'2024-11-08 14:15:00','UPI','DELIVERED','Patna','Bihar',448390,102065.60),
(95,88,'2025-06-23 19:56:00','Credit Card','DELIVERED','Pune','Maharashtra',858620,50121.59),
(96,61,'2024-05-27 04:50:00','UPI','DELIVERED','Nagpur','Maharashtra',281700,11717.64),
(97,192,'2024-11-21 19:27:00','Wallet','SHIPPED','Nagpur','Maharashtra',497675,23517.59),
(98,24,'2024-07-12 17:18:00','NetBanking','SHIPPED','Bhopal','Madhya Pradesh',698675,1056.34),
(99,28,'2024-10-13 04:54:00','Credit Card','DELIVERED','Delhi','Delhi',193676,7032.90),
(100,251,'2024-08-02 23:05:00','NetBanking','DELIVERED','Chandigarh','Chandigarh',568949,11265.85),
(101,315,'2024-03-07 05:32:00','UPI','RETURN_REQUESTED','Chennai','Tamil Nadu',375133,365.34),
(102,261,'2025-01-18 15:33:00','Credit Card','SHIPPED','Chandigarh','Chandigarh',534220,8995.79),
(103,192,'2025-06-22 22:30:00','Debit Card','DELIVERED','Nagpur','Maharashtra',497675,24181.25),
(104,138,'2025-08-18 12:40:00','COD','DELIVERED','Gurugram','Haryana',177232,29898.27),
(105,19,'2024-07-31 07:57:00','UPI','RETURN_REQUESTED','Patna','Bihar',768308,3590.69),
(106,203,'2024-08-11 09:27:00','COD','DELIVERED','Jaipur','Rajasthan',772028,7799.63),
(107,192,'2024-09-17 17:05:00','UPI','CONFIRMED','Nagpur','Maharashtra',497675,2839.41),
(108,228,'2025-06-15 11:14:00','Credit Card','DELIVERED','Indore','Madhya Pradesh',856472,1858.87),
(109,319,'2024-12-10 13:28:00','Credit Card','DELIVERED','Mumbai','Maharashtra',638765,47819.75),
(110,255,'2024-11-20 08:24:00','UPI','DELIVERED','Nagpur','Maharashtra',154809,11626.35),
(111,136,'2024-03-18 11:57:00','UPI','CANCELLED','Surat','Gujarat',338866,4454.17),
(112,263,'2025-07-13 20:05:00','NetBanking','RETURNED','Patna','Bihar',520357,6749.13),
(113,51,'2024-05-01 02:23:00','UPI','SHIPPED','Hyderabad','Telangana',121372,319.66),
(114,101,'2024-12-03 08:19:00','Debit Card','DELIVERED','Patna','Bihar',267484,21194.67),
(115,141,'2024-07-14 22:38:00','Wallet','RETURNED','Bhopal','Madhya Pradesh',371957,7841.24),
(116,279,'2024-09-24 00:49:00','UPI','CANCELLED','Noida','Uttar Pradesh',145474,5809.66),
(117,207,'2025-02-19 18:48:00','Debit Card','DELIVERED','Noida','Uttar Pradesh',845642,8748.34),
(118,263,'2024-06-01 12:14:00','UPI','DELIVERED','Patna','Bihar',520357,18360.34),
(119,243,'2024-08-27 16:37:00','NetBanking','DELIVERED','Hyderabad','Telangana',282660,63701.33),
(120,237,'2024-12-14 02:20:00','NetBanking','DELIVERED','Visakhapatnam','Andhra Pradesh',411063,10122.94),
(121,214,'2024-08-02 14:28:00','COD','PLACED','Bengaluru','Karnataka',364268,4869.66),
(122,72,'2025-08-14 04:19:00','COD','PLACED','Nagpur','Maharashtra',227291,4582.53),
(123,338,'2024-12-29 10:14:00','Credit Card','DELIVERED','Bengaluru','Karnataka',647536,12055.53),
(124,207,'2025-07-04 09:20:00','Credit Card','DELIVERED','Noida','Uttar Pradesh',845642,54910.76),
(125,17,'2024-05-22 04:21:00','Credit Card','DELIVERED','Delhi','Delhi',463589,7714.28),
(126,312,'2025-08-10 12:24:00','UPI','DELIVERED','Chandigarh','Chandigarh',545771,12371.70),
(127,274,'2025-01-30 06:30:00','UPI','DELIVERED','Nagpur','Maharashtra',853516,2352.03),
(128,232,'2024-11-07 02:10:00','UPI','DELIVERED','Nagpur','Maharashtra',446336,3023.97),
(129,17,'2025-05-15 00:11:00','UPI','RETURNED','Delhi','Delhi',463589,5525.37),
(130,198,'2024-10-17 06:14:00','UPI','DELIVERED','Nagpur','Maharashtra',562938,11378.57),
(131,233,'2024-02-28 11:33:00','UPI','SHIPPED','Hyderabad','Telangana',553295,14033.66),
(132,211,'2025-02-04 05:07:00','UPI','DELIVERED','Nagpur','Maharashtra',151066,1519.55),
(133,36,'2025-02-02 06:08:00','COD','SHIPPED','Ahmedabad','Gujarat',167922,10122.54),
(134,341,'2025-05-01 05:38:00','Credit Card','SHIPPED','Kochi','Kerala',222982,4157.50),
(135,104,'2025-05-29 22:43:00','Credit Card','SHIPPED','Nagpur','Maharashtra',441187,9292.53),
(136,74,'2025-04-01 02:52:00','UPI','CANCELLED','Chennai','Tamil Nadu',521266,8347.15),
(137,270,'2024-12-02 18:56:00','Credit Card','DELIVERED','Bhopal','Madhya Pradesh',297418,13362.75),
(138,21,'2024-04-03 09:41:00','COD','DELIVERED','Bhopal','Madhya Pradesh',449696,26926.13),
(139,153,'2025-02-04 19:52:00','NetBanking','SHIPPED','Gurugram','Haryana',686907,3752.40),
(140,128,'2024-07-02 19:46:00','Credit Card','DELIVERED','Chennai','Tamil Nadu',868941,10730.32),
(141,338,'2024-07-06 22:36:00','UPI','DELIVERED','Bengaluru','Karnataka',647536,1551.95),
(142,23,'2024-09-02 05:17:00','COD','DELIVERED','Lucknow','Uttar Pradesh',742607,9547.98),
(143,342,'2024-03-09 22:46:00','Debit Card','SHIPPED','Chennai','Tamil Nadu',893640,4971.94),
(144,253,'2025-02-25 17:07:00','Wallet','CONFIRMED','Kolkata','West Bengal',818461,47355.05),
(145,54,'2025-05-31 10:26:00','Credit Card','SHIPPED','Indore','Madhya Pradesh',172150,53939.99),
(146,260,'2024-02-15 14:01:00','UPI','DELIVERED','Pune','Maharashtra',312665,8148.62),
(147,237,'2025-01-25 10:47:00','UPI','SHIPPED','Visakhapatnam','Andhra Pradesh',411063,554.39),
(148,20,'2024-01-11 08:07:00','Debit Card','CONFIRMED','Jaipur','Rajasthan',709577,1699.42),
(149,344,'2025-04-20 15:29:00','UPI','DELIVERED','Chandigarh','Chandigarh',349234,4065.45),
(150,125,'2025-03-24 04:30:00','NetBanking','CANCELLED','Lucknow','Uttar Pradesh',792416,1082.79),
(151,88,'2024-01-19 19:06:00','UPI','CONFIRMED','Pune','Maharashtra',858620,7808.12),
(152,201,'2024-06-21 02:42:00','NetBanking','DELIVERED','Gurugram','Haryana',293463,3860.31),
(153,79,'2025-03-27 11:11:00','UPI','PLACED','Hyderabad','Telangana',729906,5769.45),
(154,346,'2025-06-29 06:28:00','Debit Card','CANCELLED','Visakhapatnam','Andhra Pradesh',387856,3496.09),
(155,268,'2024-04-15 12:44:00','UPI','CONFIRMED','Bengaluru','Karnataka',523411,7069.53),
(156,3,'2024-02-19 12:49:00','UPI','SHIPPED','Kolkata','West Bengal',636760,16495.47),
(157,123,'2024-07-23 02:01:00','Credit Card','RETURNED','Ahmedabad','Gujarat',225555,2570.88),
(158,173,'2024-07-15 21:42:00','UPI','RETURNED','Jaipur','Rajasthan',541065,19951.86),
(159,50,'2024-06-20 23:10:00','UPI','DELIVERED','Patna','Bihar',582848,2898.78),
(160,168,'2024-11-26 17:40:00','UPI','SHIPPED','Nagpur','Maharashtra',576231,7275.35),
(161,278,'2025-02-08 13:07:00','UPI','CONFIRMED','Visakhapatnam','Andhra Pradesh',217997,26351.82),
(162,166,'2024-06-26 00:25:00','Debit Card','PLACED','Jaipur','Rajasthan',212877,541.56),
(163,109,'2025-04-14 07:04:00','Debit Card','SHIPPED','Hyderabad','Telangana',525409,3254.81),
(164,320,'2025-01-12 01:04:00','COD','DELIVERED','Chandigarh','Chandigarh',835491,13877.40),
(165,307,'2025-05-26 03:45:00','Credit Card','RETURNED','Lucknow','Uttar Pradesh',311954,2453.20),
(166,292,'2024-06-24 08:06:00','Credit Card','RETURNED','Pune','Maharashtra',402387,13561.84),
(167,199,'2024-05-16 10:11:00','Debit Card','RETURN_REQUESTED','Gurugram','Haryana',690810,8655.38),
(168,163,'2025-05-08 02:21:00','UPI','RETURNED','Hyderabad','Telangana',382990,5751.35),
(169,230,'2025-01-26 16:40:00','Debit Card','DELIVERED','Gurugram','Haryana',119092,9953.76),
(170,7,'2024-08-26 00:39:00','NetBanking','CONFIRMED','Pune','Maharashtra',154139,3525.78),
(171,122,'2025-03-14 07:39:00','UPI','CONFIRMED','Lucknow','Uttar Pradesh',757385,7246.48),
(172,256,'2024-10-30 06:09:00','UPI','DELIVERED','Delhi','Delhi',169460,18800.20),
(173,122,'2025-03-30 23:56:00','UPI','SHIPPED','Lucknow','Uttar Pradesh',757385,23434.37),
(174,330,'2024-02-10 16:50:00','Wallet','DELIVERED','Bengaluru','Karnataka',545246,11472.97),
(175,148,'2024-01-25 07:54:00','Debit Card','SHIPPED','Gurugram','Haryana',617930,411.67),
(176,106,'2025-07-06 01:58:00','COD','RETURNED','Surat','Gujarat',750363,7292.19),
(177,114,'2025-01-25 16:20:00','UPI','DELIVERED','Nagpur','Maharashtra',289296,11977.89),
(178,34,'2025-05-18 02:12:00','UPI','RETURNED','Gurugram','Haryana',610529,7389.36),
(179,105,'2024-05-08 02:11:00','Credit Card','CANCELLED','Mumbai','Maharashtra',119295,18866.67),
(180,105,'2024-08-29 16:05:00','Credit Card','DELIVERED','Mumbai','Maharashtra',119295,6473.44),
(181,85,'2024-07-21 07:27:00','UPI','SHIPPED','Bengaluru','Karnataka',206567,12520.68),
(182,147,'2025-08-13 14:40:00','UPI','RETURN_REQUESTED','Delhi','Delhi',417114,12814.77),
(183,247,'2024-03-22 11:25:00','UPI','DELIVERED','Delhi','Delhi',457569,9915.58),
(184,217,'2025-06-01 19:47:00','Credit Card','SHIPPED','Patna','Bihar',237278,4592.01),
(185,247,'2024-01-21 12:27:00','COD','DELIVERED','Delhi','Delhi',457569,56703.11),
(186,154,'2025-07-04 04:35:00','Debit Card','SHIPPED','Chennai','Tamil Nadu',809217,105404.52),
(187,238,'2024-11-09 14:18:00','UPI','DELIVERED','Chandigarh','Chandigarh',137887,1177.82),
(188,37,'2024-12-07 04:45:00','Credit Card','SHIPPED','Ahmedabad','Gujarat',497669,2904.76),
(189,98,'2024-01-05 00:55:00','Credit Card','DELIVERED','Noida','Uttar Pradesh',418885,33651.51),
(190,252,'2025-02-18 13:25:00','Wallet','DELIVERED','Chandigarh','Chandigarh',793786,9772.26),
(191,251,'2024-11-11 20:37:00','UPI','RETURN_REQUESTED','Chandigarh','Chandigarh',568949,647.60),
(192,64,'2025-01-29 18:10:00','UPI','DELIVERED','Hyderabad','Telangana',753333,18743.82),
(193,131,'2024-12-22 16:45:00','Credit Card','DELIVERED','Chandigarh','Chandigarh',337228,13760.54),
(194,30,'2025-01-29 13:47:00','UPI','DELIVERED','Kolkata','West Bengal',606044,11028.16),
(195,186,'2024-01-29 22:42:00','Debit Card','SHIPPED','Indore','Madhya Pradesh',403675,112307.52),
(196,234,'2024-05-30 08:15:00','Debit Card','RETURNED','Kochi','Kerala',377129,2166.83),
(197,83,'2024-01-13 03:49:00','UPI','DELIVERED','Patna','Bihar',664638,2541.06),
(198,197,'2025-02-11 22:37:00','Wallet','CONFIRMED','Gurugram','Haryana',252236,3577.26),
(199,97,'2025-03-09 05:53:00','Credit Card','DELIVERED','Pune','Maharashtra',293465,3557.60),
(200,257,'2025-06-29 21:56:00','UPI','SHIPPED','Chandigarh','Chandigarh',371143,73210.76),
(201,211,'2024-04-01 03:40:00','Credit Card','DELIVERED','Nagpur','Maharashtra',151066,2508.81),
(202,74,'2024-10-02 23:13:00','COD','DELIVERED','Chennai','Tamil Nadu',521266,11605.13),
(203,158,'2024-01-07 05:52:00','Credit Card','CONFIRMED','Nagpur','Maharashtra',410823,13985.68),
(204,214,'2025-06-21 13:41:00','UPI','DELIVERED','Bengaluru','Karnataka',364268,5578.64),
(205,91,'2025-01-18 05:45:00','UPI','DELIVERED','Noida','Uttar Pradesh',152695,13497.34),
(206,258,'2024-04-22 14:36:00','NetBanking','SHIPPED','Noida','Uttar Pradesh',143746,24962.57),
(207,31,'2024-07-06 06:16:00','Wallet','RETURN_REQUESTED','Patna','Bihar',532924,1594.76),
(208,226,'2024-04-21 20:10:00','UPI','CONFIRMED','Pune','Maharashtra',268322,1525.95),
(209,64,'2024-10-10 02:21:00','UPI','SHIPPED','Hyderabad','Telangana',753333,3376.85),
(210,249,'2024-04-13 00:03:00','UPI','RETURNED','Hyderabad','Telangana',533133,154636.64),
(211,341,'2025-08-19 01:06:00','UPI','DELIVERED','Kochi','Kerala',222982,11426.12),
(212,193,'2025-06-16 08:59:00','Credit Card','DELIVERED','Kolkata','West Bengal',504909,40527.66),
(213,310,'2025-03-15 10:23:00','Debit Card','SHIPPED','Indore','Madhya Pradesh',293465,1845.98),
(214,162,'2024-09-02 11:42:00','UPI','DELIVERED','Gurugram','Haryana',238055,12961.54),
(215,183,'2024-12-04 03:00:00','Credit Card','DELIVERED','Visakhapatnam','Andhra Pradesh',656647,966.68),
(216,72,'2024-01-27 19:07:00','COD','SHIPPED','Nagpur','Maharashtra',227291,7431.36),
(217,128,'2025-01-12 14:39:00','Debit Card','RETURN_REQUESTED','Chennai','Tamil Nadu',868941,45464.93),
(218,264,'2025-02-27 21:12:00','UPI','DELIVERED','Nagpur','Maharashtra',885374,20014.63),
(219,165,'2024-01-18 20:23:00','COD','RETURNED','Nagpur','Maharashtra',404233,116877.83),
(220,167,'2025-03-30 07:38:00','Credit Card','DELIVERED','Delhi','Delhi',124972,120409.25),
(221,42,'2024-12-22 13:59:00','COD','DELIVERED','Bhopal','Madhya Pradesh',892539,9190.62),
(222,338,'2024-04-12 23:24:00','UPI','SHIPPED','Bengaluru','Karnataka',647536,3666.92),
(223,74,'2025-06-16 18:50:00','COD','DELIVERED','Chennai','Tamil Nadu',521266,48952.22),
(224,66,'2025-05-24 02:19:00','NetBanking','RETURNED','Kochi','Kerala',132690,11362.84),
(225,240,'2024-06-21 14:07:00','Credit Card','DELIVERED','Bhopal','Madhya Pradesh',684683,54501.71),
(226,125,'2024-08-04 05:48:00','COD','DELIVERED','Lucknow','Uttar Pradesh',792416,44978.06),
(227,55,'2025-03-21 22:01:00','UPI','RETURNED','Chandigarh','Chandigarh',113750,9477.46),
(228,197,'2024-10-14 07:46:00','UPI','DELIVERED','Gurugram','Haryana',252236,2833.83),
(229,344,'2024-05-06 21:08:00','COD','DELIVERED','Chandigarh','Chandigarh',349234,16913.50),
(230,252,'2024-04-02 22:21:00','COD','RETURNED','Chandigarh','Chandigarh',793786,570.65),
(231,308,'2024-03-07 20:21:00','UPI','DELIVERED','Gurugram','Haryana',399195,56638.18),
(232,196,'2025-07-29 13:51:00','UPI','SHIPPED','Noida','Uttar Pradesh',162626,7768.92),
(233,149,'2024-03-30 03:05:00','UPI','DELIVERED','Pune','Maharashtra',418366,31047.95),
(234,97,'2024-04-28 18:23:00','UPI','SHIPPED','Pune','Maharashtra',293465,16494.53),
(235,195,'2025-08-13 23:00:00','UPI','DELIVERED','Kolkata','West Bengal',163993,887.32),
(236,98,'2025-02-01 13:20:00','NetBanking','DELIVERED','Noida','Uttar Pradesh',418885,1478.93),
(237,65,'2025-06-16 21:38:00','Credit Card','CONFIRMED','Hyderabad','Telangana',217477,157461.01),
(238,5,'2025-07-05 14:20:00','UPI','RETURNED','Patna','Bihar',800167,25529.17),
(239,113,'2025-05-26 21:29:00','UPI','SHIPPED','Pune','Maharashtra',492686,52807.25),
(240,341,'2024-02-05 19:20:00','UPI','RETURNED','Kochi','Kerala',222982,6672.56),
(241,64,'2024-10-07 22:36:00','Credit Card','CANCELLED','Hyderabad','Telangana',753333,9491.65),
(242,254,'2024-10-25 22:24:00','UPI','CANCELLED','Chennai','Tamil Nadu',399843,162595.96),
(243,79,'2024-08-03 23:59:00','NetBanking','DELIVERED','Hyderabad','Telangana',729906,113314.10),
(244,27,'2024-07-02 15:46:00','UPI','RETURNED','Gurugram','Haryana',195604,790.38),
(245,338,'2024-06-12 00:35:00','UPI','DELIVERED','Bengaluru','Karnataka',647536,18769.28),
(246,243,'2024-12-22 12:25:00','UPI','DELIVERED','Hyderabad','Telangana',282660,8022.26),
(247,145,'2024-07-18 22:54:00','Credit Card','CONFIRMED','Patna','Bihar',190687,233602.72),
(248,166,'2025-08-17 01:54:00','COD','SHIPPED','Jaipur','Rajasthan',212877,4247.65),
(249,336,'2024-06-16 18:08:00','Credit Card','DELIVERED','Visakhapatnam','Andhra Pradesh',423679,5352.31),
(250,75,'2024-08-02 06:51:00','Debit Card','DELIVERED','Visakhapatnam','Andhra Pradesh',605595,207.96),
(251,5,'2025-01-05 23:54:00','Credit Card','DELIVERED','Patna','Bihar',800167,70439.20),
(252,76,'2025-01-20 13:43:00','NetBanking','RETURNED','Nagpur','Maharashtra',658174,1954.89),
(253,50,'2024-12-30 15:11:00','COD','CONFIRMED','Patna','Bihar',582848,3190.83),
(254,264,'2024-12-12 18:27:00','Wallet','DELIVERED','Nagpur','Maharashtra',885374,12548.23),
(255,207,'2024-09-07 01:07:00','UPI','DELIVERED','Noida','Uttar Pradesh',845642,5999.45),
(256,306,'2024-06-25 20:47:00','UPI','DELIVERED','Kolkata','West Bengal',845837,6201.88),
(257,344,'2024-04-01 14:55:00','NetBanking','DELIVERED','Chandigarh','Chandigarh',349234,667.60),
(258,324,'2025-03-31 11:00:00','UPI','CONFIRMED','Noida','Uttar Pradesh',193616,23468.80),
(259,251,'2025-06-05 07:01:00','Credit Card','RETURNED','Chandigarh','Chandigarh',568949,3002.54),
(260,246,'2024-10-07 22:47:00','UPI','DELIVERED','Indore','Madhya Pradesh',192617,622.24),
(261,197,'2025-05-10 20:44:00','Credit Card','DELIVERED','Gurugram','Haryana',252236,7719.87),
(262,51,'2024-11-29 02:45:00','COD','DELIVERED','Hyderabad','Telangana',121372,9106.63),
(263,95,'2025-02-19 22:01:00','UPI','CANCELLED','Patna','Bihar',165604,10843.68),
(264,272,'2025-05-15 02:33:00','NetBanking','DELIVERED','Indore','Madhya Pradesh',465933,14324.25),
(265,334,'2024-05-07 06:42:00','COD','SHIPPED','Indore','Madhya Pradesh',540573,3521.27),
(266,307,'2024-07-03 00:35:00','Credit Card','SHIPPED','Lucknow','Uttar Pradesh',311954,4726.92),
(267,21,'2024-05-11 18:13:00','Debit Card','CONFIRMED','Bhopal','Madhya Pradesh',449696,2407.76),
(268,132,'2024-02-05 02:07:00','Credit Card','DELIVERED','Bhopal','Madhya Pradesh',816630,205271.54),
(269,279,'2024-06-24 13:42:00','UPI','SHIPPED','Noida','Uttar Pradesh',145474,6882.82),
(270,266,'2024-10-27 21:34:00','Credit Card','DELIVERED','Lucknow','Uttar Pradesh',677940,6056.84),
(271,161,'2025-06-19 11:38:00','Credit Card','SHIPPED','Nagpur','Maharashtra',522076,1045.47),
(272,51,'2024-02-15 07:02:00','UPI','SHIPPED','Hyderabad','Telangana',121372,15859.24),
(273,111,'2024-05-17 19:35:00','UPI','DELIVERED','Visakhapatnam','Andhra Pradesh',180800,40559.05),
(274,66,'2025-03-08 02:35:00','UPI','DELIVERED','Kochi','Kerala',132690,61772.50),
(275,84,'2025-02-13 14:05:00','COD','DELIVERED','Chandigarh','Chandigarh',582651,2371.22),
(276,74,'2025-07-02 06:04:00','Debit Card','SHIPPED','Chennai','Tamil Nadu',521266,6709.94),
(277,325,'2024-07-16 22:23:00','Credit Card','DELIVERED','Noida','Uttar Pradesh',198148,8055.50),
(278,262,'2024-06-16 13:52:00','UPI','RETURNED','Visakhapatnam','Andhra Pradesh',841679,8448.01),
(279,223,'2025-01-23 00:38:00','UPI','SHIPPED','Jaipur','Rajasthan',534366,9872.46),
(280,273,'2024-04-22 21:35:00','Credit Card','SHIPPED','Bhopal','Madhya Pradesh',281901,3036.54),
(281,46,'2025-01-06 10:49:00','UPI','RETURN_REQUESTED','Gurugram','Haryana',369072,1940.80),
(282,116,'2024-10-07 00:06:00','UPI','RETURNED','Nagpur','Maharashtra',793674,8197.85),
(283,194,'2024-04-17 03:11:00','Credit Card','RETURN_REQUESTED','Kochi','Kerala',754386,105286.41),
(284,302,'2025-05-16 03:33:00','UPI','DELIVERED','Indore','Madhya Pradesh',470870,2247.88),
(285,145,'2025-07-18 08:38:00','UPI','PLACED','Patna','Bihar',190687,3819.28),
(286,163,'2025-02-02 05:22:00','NetBanking','DELIVERED','Hyderabad','Telangana',382990,24020.64),
(287,273,'2025-07-18 19:56:00','NetBanking','DELIVERED','Bhopal','Madhya Pradesh',281901,7219.24),
(288,66,'2024-09-22 00:43:00','Credit Card','SHIPPED','Kochi','Kerala',132690,4412.33),
(289,65,'2024-05-26 12:36:00','Debit Card','CONFIRMED','Hyderabad','Telangana',217477,3866.72),
(290,328,'2025-01-14 22:49:00','UPI','DELIVERED','Bengaluru','Karnataka',165933,75742.28),
(291,235,'2024-07-06 14:22:00','NetBanking','DELIVERED','Patna','Bihar',353485,728.29),
(292,142,'2025-03-14 16:45:00','COD','CANCELLED','Indore','Madhya Pradesh',843453,11506.35),
(293,157,'2024-03-30 09:26:00','NetBanking','CANCELLED','Chandigarh','Chandigarh',642202,7642.38),
(294,325,'2024-03-22 02:46:00','UPI','CONFIRMED','Noida','Uttar Pradesh',198148,17700.62),
(295,295,'2024-02-28 02:47:00','UPI','RETURNED','Pune','Maharashtra',689546,16458.06),
(296,6,'2025-03-10 21:32:00','COD','CONFIRMED','Nagpur','Maharashtra',221077,3774.13),
(297,255,'2025-06-11 21:43:00','COD','DELIVERED','Nagpur','Maharashtra',154809,2922.93),
(298,208,'2024-01-15 19:12:00','COD','DELIVERED','Pune','Maharashtra',592644,3916.55),
(299,218,'2025-07-01 23:22:00','UPI','DELIVERED','Gurugram','Haryana',517917,4963.77),
(300,271,'2024-02-13 19:28:00','Wallet','DELIVERED','Patna','Bihar',640434,16979.43),
(301,269,'2024-08-18 05:04:00','UPI','CONFIRMED','Kochi','Kerala',650090,29239.02),
(302,181,'2024-02-22 13:31:00','UPI','DELIVERED','Hyderabad','Telangana',614923,10841.37),
(303,58,'2024-12-12 21:15:00','NetBanking','RETURN_REQUESTED','Patna','Bihar',808007,11562.43),
(304,61,'2024-10-24 09:30:00','UPI','SHIPPED','Nagpur','Maharashtra',281700,3550.00),
(305,324,'2025-08-05 12:13:00','COD','RETURNED','Noida','Uttar Pradesh',193616,195.00),
(306,330,'2025-06-11 01:59:00','Credit Card','DELIVERED','Bengaluru','Karnataka',545246,10541.50),
(307,250,'2024-02-28 11:00:00','Debit Card','SHIPPED','Noida','Uttar Pradesh',303966,302.45),
(308,182,'2024-04-19 00:22:00','COD','SHIPPED','Bhopal','Madhya Pradesh',367688,453.98),
(309,182,'2024-01-10 03:27:00','Credit Card','CONFIRMED','Bhopal','Madhya Pradesh',367688,116442.45),
(310,264,'2024-06-06 13:07:00','COD','PLACED','Nagpur','Maharashtra',885374,765.10),
(311,337,'2024-09-13 07:30:00','UPI','SHIPPED','Ahmedabad','Gujarat',396874,1340.20),
(312,220,'2024-07-05 17:51:00','UPI','RETURNED','Pune','Maharashtra',341530,4817.07),
(313,337,'2025-03-25 05:08:00','UPI','DELIVERED','Ahmedabad','Gujarat',396874,7615.38),
(314,184,'2024-07-22 03:12:00','UPI','CONFIRMED','Nagpur','Maharashtra',502642,2972.85),
(315,216,'2024-12-05 01:10:00','Debit Card','RETURNED','Chandigarh','Chandigarh',253152,11756.52),
(316,341,'2024-09-29 03:26:00','Credit Card','DELIVERED','Kochi','Kerala',222982,3146.78),
(317,350,'2024-05-10 10:48:00','NetBanking','RETURN_REQUESTED','Kolkata','West Bengal',159667,1702.97),
(318,257,'2025-02-02 04:07:00','Wallet','DELIVERED','Chandigarh','Chandigarh',371143,614.22),
(319,65,'2024-06-08 11:32:00','UPI','DELIVERED','Hyderabad','Telangana',217477,2886.14),
(320,27,'2024-12-16 13:38:00','Debit Card','DELIVERED','Gurugram','Haryana',195604,4265.73),
(321,149,'2024-10-15 15:05:00','NetBanking','SHIPPED','Pune','Maharashtra',418366,7788.87),
(322,79,'2025-06-07 05:15:00','UPI','CONFIRMED','Hyderabad','Telangana',729906,181194.08),
(323,135,'2024-09-10 21:52:00','Credit Card','DELIVERED','Jaipur','Rajasthan',204126,7451.19),
(324,53,'2025-05-29 19:11:00','UPI','RETURN_REQUESTED','Nagpur','Maharashtra',792624,8417.72),
(325,323,'2024-06-01 07:07:00','UPI','PLACED','Pune','Maharashtra',578936,3596.36),
(326,99,'2024-05-29 13:01:00','Debit Card','CONFIRMED','Hyderabad','Telangana',566013,99068.52),
(327,27,'2025-01-24 13:33:00','UPI','DELIVERED','Gurugram','Haryana',195604,368.34),
(328,119,'2024-08-15 10:27:00','Credit Card','DELIVERED','Pune','Maharashtra',474641,6000.32),
(329,330,'2024-02-22 09:07:00','UPI','SHIPPED','Bengaluru','Karnataka',545246,4619.31),
(330,180,'2025-03-04 07:20:00','COD','SHIPPED','Bengaluru','Karnataka',520888,4054.94),
(331,1,'2024-02-23 21:47:00','UPI','SHIPPED','Jaipur','Rajasthan',477442,38940.70),
(332,144,'2024-04-13 13:11:00','UPI','DELIVERED','Bengaluru','Karnataka',535025,1339.42),
(333,172,'2024-11-07 03:06:00','Debit Card','DELIVERED','Nagpur','Maharashtra',658881,175590.02),
(334,67,'2024-12-05 11:47:00','NetBanking','DELIVERED','Patna','Bihar',690607,17063.17),
(335,302,'2025-06-25 19:23:00','UPI','SHIPPED','Indore','Madhya Pradesh',470870,47334.15),
(336,300,'2025-01-28 02:56:00','UPI','DELIVERED','Surat','Gujarat',143860,10119.51),
(337,309,'2024-05-03 01:37:00','Wallet','RETURN_REQUESTED','Lucknow','Uttar Pradesh',891534,4592.01),
(338,98,'2024-07-16 22:28:00','COD','CONFIRMED','Noida','Uttar Pradesh',418885,1084.58),
(339,280,'2024-12-17 09:46:00','Credit Card','DELIVERED','Pune','Maharashtra',541072,4657.46),
(340,274,'2024-06-06 01:08:00','UPI','DELIVERED','Nagpur','Maharashtra',853516,1533.24),
(341,130,'2025-07-27 11:57:00','UPI','DELIVERED','Gurugram','Haryana',143849,4841.81),
(342,61,'2025-03-22 02:30:00','Credit Card','RETURNED','Nagpur','Maharashtra',281700,13798.96),
(343,258,'2024-01-23 05:38:00','UPI','RETURNED','Noida','Uttar Pradesh',143746,2088.05),
(344,149,'2024-02-16 18:03:00','NetBanking','DELIVERED','Pune','Maharashtra',418366,9068.93),
(345,204,'2025-05-21 21:34:00','COD','RETURNED','Chennai','Tamil Nadu',371155,184.45),
(346,85,'2025-03-24 16:24:00','Credit Card','DELIVERED','Bengaluru','Karnataka',206567,5642.33),
(347,311,'2024-10-05 06:11:00','UPI','DELIVERED','Chennai','Tamil Nadu',782894,817.95),
(348,304,'2024-01-10 16:29:00','Credit Card','DELIVERED','Ahmedabad','Gujarat',543669,65162.50),
(349,133,'2024-11-06 07:18:00','Debit Card','DELIVERED','Noida','Uttar Pradesh',687398,3795.99),
(350,88,'2024-08-17 01:34:00','UPI','PLACED','Pune','Maharashtra',858620,60193.96),
(351,76,'2024-10-11 04:17:00','COD','CONFIRMED','Nagpur','Maharashtra',658174,7064.89),
(352,128,'2024-08-03 17:07:00','UPI','SHIPPED','Chennai','Tamil Nadu',868941,5009.67),
(353,310,'2025-01-12 10:05:00','COD','RETURN_REQUESTED','Indore','Madhya Pradesh',293465,6753.70),
(354,136,'2024-05-16 13:57:00','Debit Card','SHIPPED','Surat','Gujarat',338866,7912.08),
(355,30,'2024-01-11 11:14:00','Debit Card','SHIPPED','Kolkata','West Bengal',606044,1585.56),
(356,132,'2024-01-17 17:42:00','Wallet','DELIVERED','Bhopal','Madhya Pradesh',816630,905.75),
(357,299,'2024-04-18 23:47:00','Debit Card','RETURNED','Surat','Gujarat',882440,2402.98),
(358,132,'2025-07-18 06:52:00','Credit Card','SHIPPED','Bhopal','Madhya Pradesh',816630,58270.77),
(359,105,'2025-08-18 20:51:00','COD','DELIVERED','Mumbai','Maharashtra',119295,191.80),
(360,229,'2024-08-25 23:46:00','Credit Card','CONFIRMED','Lucknow','Uttar Pradesh',424279,10733.98),
(361,246,'2024-04-05 15:11:00','Credit Card','CANCELLED','Indore','Madhya Pradesh',192617,4186.99),
(362,91,'2024-07-12 18:31:00','COD','SHIPPED','Noida','Uttar Pradesh',152695,626.90),
(363,145,'2024-01-22 09:10:00','COD','CANCELLED','Patna','Bihar',190687,52747.58),
(364,312,'2024-07-11 02:09:00','UPI','SHIPPED','Chandigarh','Chandigarh',545771,4495.52),
(365,331,'2025-02-16 03:46:00','Credit Card','DELIVERED','Mumbai','Maharashtra',797024,3642.84),
(366,7,'2024-04-12 12:24:00','UPI','CANCELLED','Pune','Maharashtra',154139,3496.48),
(367,330,'2024-02-14 04:15:00','NetBanking','SHIPPED','Bengaluru','Karnataka',545246,25044.92),
(368,322,'2024-01-14 00:50:00','UPI','DELIVERED','Gurugram','Haryana',235613,9473.12),
(369,174,'2024-03-28 06:08:00','Credit Card','DELIVERED','Kolkata','West Bengal',818103,14194.08),
(370,228,'2024-06-16 09:21:00','Credit Card','SHIPPED','Indore','Madhya Pradesh',856472,17253.02),
(371,279,'2024-09-30 20:34:00','UPI','CANCELLED','Noida','Uttar Pradesh',145474,14539.00),
(372,53,'2025-07-11 09:06:00','Credit Card','CANCELLED','Nagpur','Maharashtra',792624,12508.04),
(373,73,'2024-01-02 07:01:00','UPI','DELIVERED','Ahmedabad','Gujarat',286712,6021.21),
(374,181,'2024-10-20 07:58:00','COD','DELIVERED','Hyderabad','Telangana',614923,4299.24),
(375,58,'2025-05-18 05:07:00','UPI','RETURNED','Patna','Bihar',808007,1335.58),
(376,145,'2024-12-31 02:39:00','UPI','DELIVERED','Patna','Bihar',190687,8145.05),
(377,44,'2024-02-14 19:09:00','UPI','DELIVERED','Ahmedabad','Gujarat',340558,67232.81),
(378,308,'2024-07-04 21:27:00','UPI','DELIVERED','Gurugram','Haryana',399195,2834.34),
(379,155,'2024-10-20 11:56:00','UPI','RETURNED','Mumbai','Maharashtra',397464,60791.49),
(380,339,'2025-01-12 08:51:00','COD','DELIVERED','Pune','Maharashtra',386734,42146.02),
(381,2,'2024-06-01 20:09:00','UPI','DELIVERED','Pune','Maharashtra',859358,92737.47),
(382,245,'2024-03-09 03:36:00','Credit Card','DELIVERED','Nagpur','Maharashtra',422465,8279.27),
(383,75,'2024-04-02 10:08:00','UPI','DELIVERED','Visakhapatnam','Andhra Pradesh',605595,6904.89),
(384,164,'2025-05-21 13:30:00','Debit Card','DELIVERED','Gurugram','Haryana',295125,16417.36),
(385,326,'2024-12-07 04:51:00','COD','RETURNED','Delhi','Delhi',848534,22973.51),
(386,197,'2025-03-04 17:31:00','Credit Card','DELIVERED','Gurugram','Haryana',252236,4779.23),
(387,275,'2024-08-23 12:05:00','Credit Card','DELIVERED','Lucknow','Uttar Pradesh',105912,1728.75),
(388,296,'2024-08-12 22:05:00','UPI','PLACED','Kolkata','West Bengal',668410,26145.11),
(389,9,'2025-01-06 17:30:00','Wallet','RETURNED','Noida','Uttar Pradesh',180262,5977.15),
(390,31,'2024-12-23 11:54:00','NetBanking','DELIVERED','Patna','Bihar',532924,1383.85),
(391,72,'2024-10-28 14:09:00','NetBanking','DELIVERED','Nagpur','Maharashtra',227291,4731.36),
(392,216,'2024-09-05 06:52:00','UPI','DELIVERED','Chandigarh','Chandigarh',253152,58065.88),
(393,61,'2024-05-26 12:46:00','UPI','RETURNED','Nagpur','Maharashtra',281700,58601.03),
(394,191,'2024-02-25 22:06:00','Debit Card','CONFIRMED','Jaipur','Rajasthan',475277,18899.80),
(395,305,'2024-06-10 00:09:00','UPI','CONFIRMED','Patna','Bihar',129513,5178.18),
(396,40,'2024-01-13 18:53:00','NetBanking','CONFIRMED','Visakhapatnam','Andhra Pradesh',802178,1858.34),
(397,94,'2025-04-26 23:08:00','Debit Card','DELIVERED','Lucknow','Uttar Pradesh',789822,1940.80),
(398,154,'2025-04-26 13:46:00','UPI','DELIVERED','Chennai','Tamil Nadu',809217,1030.07),
(399,7,'2024-10-20 03:09:00','UPI','DELIVERED','Pune','Maharashtra',154139,9218.16),
(400,310,'2024-06-26 16:10:00','UPI','CANCELLED','Indore','Madhya Pradesh',293465,5785.08),
(401,349,'2025-04-10 17:45:00','NetBanking','RETURNED','Ahmedabad','Gujarat',779963,13409.63),
(402,257,'2024-11-09 22:14:00','Credit Card','SHIPPED','Chandigarh','Chandigarh',371143,11391.92),
(403,48,'2025-06-18 12:08:00','Debit Card','DELIVERED','Bengaluru','Karnataka',755929,14348.42),
(404,29,'2024-08-12 12:11:00','NetBanking','RETURNED','Kolkata','West Bengal',271359,68600.37),
(405,310,'2024-03-20 22:29:00','Credit Card','DELIVERED','Indore','Madhya Pradesh',293465,3835.90),
(406,208,'2025-01-24 05:03:00','NetBanking','DELIVERED','Pune','Maharashtra',592644,9223.46),
(407,100,'2024-10-03 03:06:00','UPI','DELIVERED','Lucknow','Uttar Pradesh',878876,7739.41),
(408,172,'2024-01-29 07:18:00','UPI','CONFIRMED','Nagpur','Maharashtra',658881,10441.36),
(409,109,'2024-01-12 09:12:00','Credit Card','DELIVERED','Hyderabad','Telangana',525409,90605.84),
(410,17,'2024-09-03 08:05:00','Wallet','DELIVERED','Delhi','Delhi',463589,10556.83),
(411,289,'2025-05-10 01:03:00','UPI','RETURNED','Indore','Madhya Pradesh',410316,10566.65),
(412,5,'2024-12-31 09:25:00','Credit Card','SHIPPED','Patna','Bihar',800167,13642.19),
(413,201,'2024-12-30 04:44:00','Debit Card','SHIPPED','Gurugram','Haryana',293463,2522.04),
(414,258,'2024-04-13 16:51:00','NetBanking','PLACED','Noida','Uttar Pradesh',143746,97527.78),
(415,196,'2025-05-03 18:55:00','COD','SHIPPED','Noida','Uttar Pradesh',162626,48631.12),
(416,78,'2025-04-19 02:56:00','Debit Card','RETURNED','Hyderabad','Telangana',587068,784.54),
(417,119,'2024-08-08 21:41:00','UPI','DELIVERED','Pune','Maharashtra',474641,7454.98),
(418,257,'2025-06-12 23:38:00','Debit Card','RETURNED','Chandigarh','Chandigarh',371143,4765.65),
(419,175,'2025-04-03 04:21:00','UPI','DELIVERED','Delhi','Delhi',744057,4675.32),
(420,221,'2024-02-10 22:49:00','Debit Card','SHIPPED','Chandigarh','Chandigarh',773821,907.35),
(421,313,'2024-03-17 04:36:00','Debit Card','DELIVERED','Gurugram','Haryana',816219,19907.92),
(422,8,'2024-05-26 09:35:00','COD','DELIVERED','Delhi','Delhi',799767,19839.69),
(423,45,'2025-05-25 03:29:00','UPI','RETURNED','Noida','Uttar Pradesh',288833,59531.96),
(424,83,'2024-03-10 08:36:00','UPI','CONFIRMED','Patna','Bihar',664638,4138.97),
(425,92,'2025-04-16 08:30:00','Wallet','DELIVERED','Visakhapatnam','Andhra Pradesh',756487,295.56),
(426,227,'2024-05-23 03:36:00','Credit Card','DELIVERED','Noida','Uttar Pradesh',354784,2957.86),
(427,147,'2025-02-14 13:54:00','Debit Card','DELIVERED','Delhi','Delhi',417114,311.12),
(428,226,'2025-01-10 16:54:00','Debit Card','SHIPPED','Pune','Maharashtra',268322,47616.27),
(429,43,'2025-02-27 16:28:00','UPI','RETURN_REQUESTED','Bengaluru','Karnataka',853554,7459.10),
(430,350,'2024-02-13 19:41:00','UPI','DELIVERED','Kolkata','West Bengal',159667,18348.63),
(431,288,'2024-01-09 04:54:00','UPI','DELIVERED','Delhi','Delhi',250984,17738.77),
(432,292,'2025-02-12 02:14:00','UPI','DELIVERED','Pune','Maharashtra',402387,45192.43),
(433,48,'2024-12-23 14:29:00','Debit Card','RETURNED','Bengaluru','Karnataka',755929,4304.99),
(434,239,'2024-04-21 02:11:00','Debit Card','RETURNED','Noida','Uttar Pradesh',355775,4254.44),
(435,204,'2025-03-19 06:25:00','UPI','SHIPPED','Chennai','Tamil Nadu',371155,47416.28),
(436,310,'2025-05-12 06:44:00','Debit Card','CONFIRMED','Indore','Madhya Pradesh',293465,2437.15),
(437,233,'2024-02-09 17:09:00','COD','CONFIRMED','Hyderabad','Telangana',553295,1562.76),
(438,110,'2024-11-23 18:02:00','Wallet','DELIVERED','Kolkata','West Bengal',625259,2012.50),
(439,32,'2025-01-05 13:30:00','UPI','SHIPPED','Kochi','Kerala',151245,72635.65),
(440,12,'2025-03-09 08:16:00','Debit Card','CONFIRMED','Nagpur','Maharashtra',520703,55480.65),
(441,36,'2024-10-07 12:05:00','UPI','DELIVERED','Ahmedabad','Gujarat',167922,408.40),
(442,215,'2025-06-21 06:42:00','COD','SHIPPED','Kochi','Kerala',755700,319.66),
(443,28,'2024-04-04 13:21:00','Wallet','SHIPPED','Delhi','Delhi',193676,3763.50),
(444,102,'2024-12-23 13:30:00','Credit Card','DELIVERED','Noida','Uttar Pradesh',730990,12721.00),
(445,83,'2025-03-23 11:58:00','Debit Card','DELIVERED','Patna','Bihar',664638,11919.13),
(446,6,'2025-07-28 19:12:00','UPI','DELIVERED','Nagpur','Maharashtra',221077,804.19),
(447,316,'2024-05-28 10:42:00','Wallet','RETURNED','Indore','Madhya Pradesh',487569,971.66),
(448,163,'2024-01-15 04:57:00','Credit Card','CONFIRMED','Hyderabad','Telangana',382990,16348.47),
(449,163,'2024-04-26 21:26:00','UPI','DELIVERED','Hyderabad','Telangana',382990,2522.67),
(450,231,'2024-05-08 20:28:00','Debit Card','DELIVERED','Mumbai','Maharashtra',307041,5863.37),
(451,19,'2024-08-11 23:12:00','Credit Card','DELIVERED','Patna','Bihar',768308,58400.68),
(452,86,'2025-01-21 06:22:00','UPI','SHIPPED','Mumbai','Maharashtra',826377,855.32),
(453,348,'2025-08-13 00:23:00','NetBanking','PLACED','Mumbai','Maharashtra',530093,15264.45),
(454,158,'2025-05-29 03:44:00','Credit Card','RETURNED','Nagpur','Maharashtra',410823,8681.68),
(455,212,'2025-02-24 11:22:00','NetBanking','DELIVERED','Hyderabad','Telangana',815495,3533.88),
(456,172,'2024-04-26 05:29:00','Credit Card','SHIPPED','Nagpur','Maharashtra',658881,49542.96),
(457,305,'2024-06-15 17:27:00','UPI','CANCELLED','Patna','Bihar',129513,6021.35),
(458,349,'2025-03-23 20:18:00','Debit Card','RETURNED','Ahmedabad','Gujarat',779963,1399.28),
(459,51,'2024-03-30 03:05:00','Debit Card','DELIVERED','Hyderabad','Telangana',121372,4494.79),
(460,211,'2024-04-16 15:47:00','NetBanking','RETURNED','Nagpur','Maharashtra',151066,8849.66),
(461,52,'2025-03-30 16:37:00','NetBanking','DELIVERED','Ahmedabad','Gujarat',219340,5584.87),
(462,216,'2024-08-04 07:49:00','Credit Card','DELIVERED','Chandigarh','Chandigarh',253152,3457.50),
(463,101,'2025-04-25 03:22:00','Wallet','RETURNED','Patna','Bihar',267484,32221.01),
(464,212,'2025-02-09 00:23:00','NetBanking','DELIVERED','Hyderabad','Telangana',815495,11669.92),
(465,138,'2024-09-27 09:53:00','COD','RETURNED','Gurugram','Haryana',177232,15568.46),
(466,345,'2024-09-04 00:57:00','COD','PLACED','Jaipur','Rajasthan',412027,6009.99),
(467,14,'2024-06-06 11:53:00','NetBanking','CANCELLED','Jaipur','Rajasthan',451302,3385.76),
(468,308,'2024-11-21 10:10:00','Wallet','RETURNED','Gurugram','Haryana',399195,876.93),
(469,124,'2025-07-23 12:12:00','Debit Card','DELIVERED','Patna','Bihar',875307,10478.93),
(470,27,'2025-08-14 13:08:00','COD','DELIVERED','Gurugram','Haryana',195604,16887.68),
(471,89,'2025-02-16 10:33:00','UPI','SHIPPED','Jaipur','Rajasthan',586610,8359.90),
(472,65,'2025-05-31 03:40:00','Credit Card','DELIVERED','Hyderabad','Telangana',217477,13313.48),
(473,322,'2024-09-23 17:10:00','COD','SHIPPED','Gurugram','Haryana',235613,116801.36),
(474,48,'2024-01-27 13:00:00','Debit Card','DELIVERED','Bengaluru','Karnataka',755929,6090.12),
(475,15,'2025-07-10 02:36:00','UPI','DELIVERED','Gurugram','Haryana',287122,7299.12),
(476,67,'2025-04-09 20:40:00','NetBanking','SHIPPED','Patna','Bihar',690607,5044.08),
(477,335,'2024-08-15 09:12:00','Credit Card','SHIPPED','Nagpur','Maharashtra',234698,170612.85),
(478,194,'2024-09-23 21:03:00','UPI','RETURNED','Kochi','Kerala',754386,7796.48),
(479,322,'2024-01-24 20:37:00','COD','CONFIRMED','Gurugram','Haryana',235613,10579.25),
(480,306,'2024-05-05 03:09:00','UPI','RETURN_REQUESTED','Kolkata','West Bengal',845837,2006.14),
(481,48,'2024-03-20 15:54:00','UPI','CANCELLED','Bengaluru','Karnataka',755929,11287.15),
(482,201,'2024-04-13 15:50:00','UPI','CONFIRMED','Gurugram','Haryana',293463,3499.49),
(483,321,'2024-03-19 06:43:00','Credit Card','RETURN_REQUESTED','Kolkata','West Bengal',231263,5018.51),
(484,325,'2025-04-06 05:11:00','UPI','RETURNED','Noida','Uttar Pradesh',198148,4231.96),
(485,338,'2025-08-03 20:38:00','COD','CONFIRMED','Bengaluru','Karnataka',647536,58745.62),
(486,176,'2024-12-21 15:39:00','Credit Card','PLACED','Surat','Gujarat',282275,8346.44),
(487,268,'2024-09-17 03:12:00','Debit Card','DELIVERED','Bengaluru','Karnataka',523411,7381.71),
(488,266,'2025-06-08 04:13:00','COD','CONFIRMED','Lucknow','Uttar Pradesh',677940,11460.90),
(489,112,'2024-01-31 10:08:00','UPI','DELIVERED','Chennai','Tamil Nadu',107525,23597.20),
(490,65,'2024-10-01 08:30:00','UPI','CONFIRMED','Hyderabad','Telangana',217477,10158.41),
(491,283,'2024-10-28 14:47:00','NetBanking','DELIVERED','Jaipur','Rajasthan',766228,4827.26),
(492,205,'2024-07-16 08:11:00','UPI','CANCELLED','Visakhapatnam','Andhra Pradesh',880619,38286.97),
(493,144,'2025-02-06 03:37:00','NetBanking','DELIVERED','Bengaluru','Karnataka',535025,12223.67),
(494,85,'2024-07-29 23:31:00','Credit Card','DELIVERED','Bengaluru','Karnataka',206567,7678.01),
(495,306,'2024-10-05 10:39:00','UPI','DELIVERED','Kolkata','West Bengal',845837,7268.04),
(496,103,'2025-08-03 11:23:00','COD','CANCELLED','Lucknow','Uttar Pradesh',709818,12010.32),
(497,231,'2024-06-20 01:32:00','UPI','DELIVERED','Mumbai','Maharashtra',307041,1358.62),
(498,310,'2025-06-27 11:25:00','UPI','SHIPPED','Indore','Madhya Pradesh',293465,12691.72),
(499,166,'2025-03-15 05:22:00','UPI','SHIPPED','Jaipur','Rajasthan',212877,324.08),
(500,191,'2025-01-15 04:49:00','UPI','PLACED','Jaipur','Rajasthan',475277,10262.34),
(501,6,'2024-12-02 06:29:00','Credit Card','SHIPPED','Nagpur','Maharashtra',221077,20566.74),
(502,120,'2025-07-29 02:24:00','UPI','SHIPPED','Kochi','Kerala',399264,21141.84),
(503,112,'2024-04-15 17:17:00','Debit Card','RETURNED','Chennai','Tamil Nadu',107525,47709.94),
(504,344,'2024-03-17 18:57:00','Debit Card','DELIVERED','Chandigarh','Chandigarh',349234,174.20),
(505,223,'2024-11-21 10:12:00','UPI','CANCELLED','Jaipur','Rajasthan',534366,1778.80),
(506,256,'2024-02-17 08:26:00','UPI','DELIVERED','Delhi','Delhi',169460,3680.65),
(507,308,'2024-11-30 18:24:00','UPI','PLACED','Gurugram','Haryana',399195,11292.09),
(508,10,'2025-08-12 00:58:00','Credit Card','CONFIRMED','Visakhapatnam','Andhra Pradesh',207811,11447.96),
(509,207,'2024-02-07 17:58:00','Credit Card','SHIPPED','Noida','Uttar Pradesh',845642,3257.83),
(510,9,'2024-03-12 15:06:00','NetBanking','DELIVERED','Noida','Uttar Pradesh',180262,19103.94),
(511,155,'2024-10-08 10:48:00','UPI','CONFIRMED','Mumbai','Maharashtra',397464,5312.28),
(512,161,'2025-05-20 19:03:00','UPI','DELIVERED','Nagpur','Maharashtra',522076,17240.07),
(513,233,'2025-05-20 20:58:00','UPI','DELIVERED','Hyderabad','Telangana',553295,6551.25),
(514,317,'2024-04-15 00:14:00','UPI','PLACED','Gurugram','Haryana',613711,2277.02),
(515,54,'2024-11-26 22:46:00','Credit Card','SHIPPED','Indore','Madhya Pradesh',172150,15394.79),
(516,98,'2025-01-12 17:00:00','COD','RETURN_REQUESTED','Noida','Uttar Pradesh',418885,5943.92),
(517,133,'2024-02-14 03:03:00','COD','CONFIRMED','Noida','Uttar Pradesh',687398,3172.04),
(518,169,'2025-01-23 08:44:00','UPI','CONFIRMED','Ahmedabad','Gujarat',126977,15351.34),
(519,236,'2024-05-02 04:20:00','COD','DELIVERED','Bengaluru','Karnataka',672765,9896.00),
(520,212,'2025-04-02 21:07:00','Credit Card','SHIPPED','Hyderabad','Telangana',815495,20837.28),
(521,245,'2025-05-16 08:20:00','NetBanking','DELIVERED','Nagpur','Maharashtra',422465,1914.21),
(522,48,'2024-09-27 09:45:00','UPI','DELIVERED','Bengaluru','Karnataka',755929,8031.15),
(523,125,'2024-07-29 22:04:00','UPI','DELIVERED','Lucknow','Uttar Pradesh',792416,36922.91),
(524,109,'2024-01-14 21:13:00','Credit Card','DELIVERED','Hyderabad','Telangana',525409,6356.44),
(525,250,'2024-04-17 10:13:00','NetBanking','DELIVERED','Noida','Uttar Pradesh',303966,8619.19),
(526,264,'2024-11-16 09:45:00','Credit Card','SHIPPED','Nagpur','Maharashtra',885374,2629.30),
(527,259,'2024-04-18 04:14:00','COD','DELIVERED','Mumbai','Maharashtra',806256,6627.53),
(528,232,'2025-06-09 06:49:00','Credit Card','CONFIRMED','Nagpur','Maharashtra',446336,52164.78),
(529,217,'2024-06-17 21:19:00','Wallet','DELIVERED','Patna','Bihar',237278,2824.94),
(530,53,'2024-05-30 14:56:00','UPI','CONFIRMED','Nagpur','Maharashtra',792624,7516.53),
(531,9,'2025-04-16 05:17:00','UPI','DELIVERED','Noida','Uttar Pradesh',180262,39483.83),
(532,232,'2024-12-26 08:07:00','COD','CONFIRMED','Nagpur','Maharashtra',446336,9084.56),
(533,221,'2024-08-05 04:25:00','Credit Card','DELIVERED','Chandigarh','Chandigarh',773821,1899.58),
(534,28,'2025-03-27 08:23:00','UPI','DELIVERED','Delhi','Delhi',193676,1943.32),
(535,217,'2024-07-17 09:12:00','Credit Card','DELIVERED','Patna','Bihar',237278,6992.84),
(536,272,'2025-05-20 16:27:00','UPI','PLACED','Indore','Madhya Pradesh',465933,6672.66),
(537,128,'2024-04-23 07:07:00','UPI','PLACED','Chennai','Tamil Nadu',868941,3768.04),
(538,137,'2024-09-01 02:34:00','UPI','SHIPPED','Mumbai','Maharashtra',253931,5466.73),
(539,318,'2025-02-18 12:25:00','UPI','DELIVERED','Ahmedabad','Gujarat',175012,11340.77),
(540,138,'2025-05-22 06:10:00','NetBanking','SHIPPED','Gurugram','Haryana',177232,1278.64),
(541,148,'2024-10-21 23:00:00','UPI','DELIVERED','Gurugram','Haryana',617930,5187.57),
(542,319,'2025-05-03 23:19:00','COD','DELIVERED','Mumbai','Maharashtra',638765,2499.63),
(543,88,'2024-11-18 21:04:00','UPI','SHIPPED','Pune','Maharashtra',858620,3600.23),
(544,234,'2024-05-25 00:42:00','Credit Card','SHIPPED','Kochi','Kerala',377129,365.34),
(545,91,'2024-09-27 02:10:00','Debit Card','RETURN_REQUESTED','Noida','Uttar Pradesh',152695,72.31),
(546,305,'2024-12-26 15:37:00','UPI','RETURN_REQUESTED','Patna','Bihar',129513,164233.26),
(547,242,'2024-04-22 01:52:00','UPI','DELIVERED','Gurugram','Haryana',477718,51752.20),
(548,149,'2024-08-21 16:32:00','UPI','CONFIRMED','Pune','Maharashtra',418366,3989.08),
(549,49,'2024-04-12 09:51:00','Debit Card','DELIVERED','Mumbai','Maharashtra',567686,13093.51),
(550,180,'2025-07-12 08:42:00','Credit Card','DELIVERED','Bengaluru','Karnataka',520888,3267.23),
(551,7,'2024-12-27 09:45:00','UPI','DELIVERED','Pune','Maharashtra',154139,2322.12),
(552,340,'2025-05-10 03:17:00','Debit Card','DELIVERED','Pune','Maharashtra',499171,104121.63),
(553,11,'2024-05-31 13:54:00','UPI','RETURNED','Bhopal','Madhya Pradesh',298142,639.88),
(554,183,'2025-05-24 00:15:00','Credit Card','DELIVERED','Visakhapatnam','Andhra Pradesh',656647,866.68),
(555,221,'2025-01-03 06:47:00','UPI','RETURNED','Chandigarh','Chandigarh',773821,5036.53),
(556,194,'2024-04-20 08:56:00','Debit Card','DELIVERED','Kochi','Kerala',754386,4743.98),
(557,231,'2025-06-23 05:16:00','COD','SHIPPED','Mumbai','Maharashtra',307041,29844.33),
(558,170,'2025-02-04 18:26:00','COD','SHIPPED','Nagpur','Maharashtra',655264,6668.72),
(559,98,'2024-02-12 18:33:00','Debit Card','CANCELLED','Noida','Uttar Pradesh',418885,20199.71),
(560,63,'2025-03-19 14:36:00','Wallet','DELIVERED','Surat','Gujarat',144034,116189.24),
(561,148,'2024-04-22 00:31:00','COD','CONFIRMED','Gurugram','Haryana',617930,4288.30),
(562,349,'2024-06-02 16:18:00','Debit Card','DELIVERED','Ahmedabad','Gujarat',779963,5809.66),
(563,156,'2025-05-13 09:04:00','NetBanking','PLACED','Gurugram','Haryana',787513,1339.42),
(564,21,'2024-08-10 09:52:00','Credit Card','CONFIRMED','Bhopal','Madhya Pradesh',449696,3666.92),
(565,157,'2024-01-06 13:22:00','Debit Card','PLACED','Chandigarh','Chandigarh',642202,4214.30),
(566,129,'2024-05-21 11:56:00','UPI','RETURN_REQUESTED','Visakhapatnam','Andhra Pradesh',375745,639.32),
(567,341,'2025-07-28 04:05:00','Debit Card','CONFIRMED','Kochi','Kerala',222982,2191.99),
(568,101,'2025-03-18 18:58:00','UPI','SHIPPED','Patna','Bihar',267484,17389.27),
(569,243,'2024-12-29 07:51:00','Debit Card','DELIVERED','Hyderabad','Telangana',282660,3642.84),
(570,205,'2024-04-10 08:58:00','UPI','SHIPPED','Visakhapatnam','Andhra Pradesh',880619,5497.98),
(571,289,'2025-03-22 21:56:00','UPI','DELIVERED','Indore','Madhya Pradesh',410316,2330.81),
(572,350,'2024-07-23 08:08:00','Credit Card','SHIPPED','Kolkata','West Bengal',159667,60663.54),
(573,157,'2024-03-28 09:36:00','COD','DELIVERED','Chandigarh','Chandigarh',642202,6388.31),
(574,94,'2025-01-19 13:06:00','UPI','DELIVERED','Lucknow','Uttar Pradesh',789822,1846.16),
(575,161,'2025-05-30 21:45:00','UPI','DELIVERED','Nagpur','Maharashtra',522076,2202.42),
(576,239,'2025-03-06 13:29:00','UPI','DELIVERED','Noida','Uttar Pradesh',355775,7642.00),
(577,216,'2024-03-31 04:39:00','COD','DELIVERED','Chandigarh','Chandigarh',253152,8348.16),
(578,298,'2025-06-08 11:08:00','Debit Card','RETURN_REQUESTED','Delhi','Delhi',305214,5940.03),
(579,151,'2024-02-24 12:08:00','Credit Card','PLACED','Jaipur','Rajasthan',467295,165647.86),
(580,266,'2025-04-16 01:05:00','UPI','CANCELLED','Lucknow','Uttar Pradesh',677940,15891.08),
(581,333,'2024-04-19 10:38:00','UPI','SHIPPED','Bhopal','Madhya Pradesh',108320,5756.61),
(582,247,'2024-12-05 01:07:00','Debit Card','DELIVERED','Delhi','Delhi',457569,12331.59),
(583,28,'2024-07-28 16:09:00','Credit Card','RETURNED','Delhi','Delhi',193676,1775.67),
(584,70,'2024-08-16 21:40:00','COD','SHIPPED','Indore','Madhya Pradesh',168651,22374.82),
(585,160,'2024-01-07 15:39:00','Debit Card','CONFIRMED','Gurugram','Haryana',810120,8102.66),
(586,1,'2024-06-05 19:56:00','UPI','CONFIRMED','Jaipur','Rajasthan',477442,5981.75),
(587,105,'2024-04-16 15:01:00','NetBanking','DELIVERED','Mumbai','Maharashtra',119295,4585.90),
(588,29,'2024-05-04 09:25:00','Credit Card','SHIPPED','Kolkata','West Bengal',271359,3999.50),
(589,121,'2025-07-13 08:52:00','Debit Card','DELIVERED','Nagpur','Maharashtra',442687,12563.16),
(590,337,'2024-05-06 13:09:00','Debit Card','SHIPPED','Ahmedabad','Gujarat',396874,1881.01),
(591,337,'2024-09-03 05:32:00','Debit Card','DELIVERED','Ahmedabad','Gujarat',396874,3216.98),
(592,244,'2025-05-06 09:18:00','Debit Card','RETURNED','Lucknow','Uttar Pradesh',222310,2061.96),
(593,253,'2025-01-11 21:17:00','UPI','DELIVERED','Kolkata','West Bengal',818461,834.50),
(594,55,'2025-04-20 13:52:00','Credit Card','PLACED','Chandigarh','Chandigarh',113750,2476.66),
(595,235,'2024-05-03 18:24:00','UPI','SHIPPED','Patna','Bihar',353485,1867.47),
(596,331,'2025-03-31 01:58:00','COD','RETURNED','Mumbai','Maharashtra',797024,11124.20),
(597,240,'2025-04-14 08:00:00','Wallet','DELIVERED','Bhopal','Madhya Pradesh',684683,10491.43),
(598,258,'2024-08-03 11:57:00','Debit Card','DELIVERED','Noida','Uttar Pradesh',143746,5878.13),
(599,33,'2024-06-27 20:09:00','UPI','DELIVERED','Visakhapatnam','Andhra Pradesh',634327,1901.77),
(600,174,'2025-04-15 22:54:00','NetBanking','SHIPPED','Kolkata','West Bengal',818103,606.18),
(601,338,'2024-11-06 12:04:00','COD','DELIVERED','Bengaluru','Karnataka',647536,10241.35),
(602,193,'2025-04-28 19:42:00','UPI','DELIVERED','Kolkata','West Bengal',504909,2436.47),
(603,260,'2025-06-22 08:08:00','Debit Card','DELIVERED','Pune','Maharashtra',312665,2266.13),
(604,298,'2024-12-22 18:39:00','NetBanking','CONFIRMED','Delhi','Delhi',305214,24644.84),
(605,16,'2024-06-11 07:06:00','Debit Card','DELIVERED','Jaipur','Rajasthan',375400,21330.35),
(606,348,'2025-05-02 10:48:00','UPI','DELIVERED','Mumbai','Maharashtra',530093,2468.43),
(607,122,'2024-04-17 05:46:00','COD','DELIVERED','Lucknow','Uttar Pradesh',757385,2622.74),
(608,216,'2024-03-06 01:39:00','UPI','PLACED','Chandigarh','Chandigarh',253152,3093.96),
(609,38,'2025-03-28 11:38:00','Debit Card','PLACED','Ahmedabad','Gujarat',569540,3556.08),
(610,90,'2024-11-24 03:44:00','Credit Card','CONFIRMED','Indore','Madhya Pradesh',336197,1303.51),
(611,327,'2025-08-10 17:12:00','UPI','DELIVERED','Indore','Madhya Pradesh',249402,59479.98),
(612,348,'2024-10-19 07:12:00','Debit Card','DELIVERED','Mumbai','Maharashtra',530093,51752.20),
(613,271,'2024-07-15 02:37:00','UPI','RETURNED','Patna','Bihar',640434,5299.82),
(614,50,'2024-07-27 01:51:00','UPI','PLACED','Patna','Bihar',582848,45018.19),
(615,209,'2025-08-04 17:55:00','UPI','SHIPPED','Chennai','Tamil Nadu',128541,13398.72),
(616,329,'2025-06-24 15:12:00','NetBanking','DELIVERED','Visakhapatnam','Andhra Pradesh',285209,6927.82),
(617,243,'2025-05-27 11:22:00','Debit Card','DELIVERED','Hyderabad','Telangana',282660,27954.57),
(618,71,'2024-03-09 14:27:00','Debit Card','RETURN_REQUESTED','Pune','Maharashtra',891654,7083.65),
(619,292,'2024-03-21 04:50:00','Credit Card','CONFIRMED','Pune','Maharashtra',402387,2292.95),
(620,256,'2024-08-24 01:38:00','Credit Card','PLACED','Delhi','Delhi',169460,4185.33),
(621,149,'2024-09-14 12:45:00','UPI','RETURN_REQUESTED','Pune','Maharashtra',418366,3488.73),
(622,81,'2024-10-21 02:34:00','Credit Card','RETURN_REQUESTED','Surat','Gujarat',569210,7560.44),
(623,313,'2025-05-27 09:25:00','Debit Card','DELIVERED','Gurugram','Haryana',816219,855.32),
(624,57,'2025-08-19 15:59:00','COD','SHIPPED','Patna','Bihar',707867,821.68),
(625,16,'2024-02-03 10:26:00','UPI','SHIPPED','Jaipur','Rajasthan',375400,90605.84),
(626,31,'2024-05-22 06:35:00','NetBanking','SHIPPED','Patna','Bihar',532924,302.45),
(627,340,'2024-03-04 07:31:00','UPI','RETURNED','Pune','Maharashtra',499171,4369.46),
(628,313,'2024-02-06 11:04:00','COD','DELIVERED','Gurugram','Haryana',816219,1272.14),
(629,314,'2024-03-23 17:30:00','COD','SHIPPED','Hyderabad','Telangana',237025,6199.19),
(630,22,'2024-04-16 01:31:00','Credit Card','DELIVERED','Mumbai','Maharashtra',362660,186153.63),
(631,221,'2025-05-04 09:50:00','NetBanking','RETURNED','Chandigarh','Chandigarh',773821,3911.11),
(632,11,'2024-02-26 00:49:00','NetBanking','SHIPPED','Bhopal','Madhya Pradesh',298142,46929.25),
(633,312,'2025-01-23 21:43:00','Debit Card','DELIVERED','Chandigarh','Chandigarh',545771,77471.14),
(634,27,'2025-01-31 12:44:00','UPI','DELIVERED','Gurugram','Haryana',195604,19377.63),
(635,282,'2024-05-21 03:28:00','UPI','DELIVERED','Nagpur','Maharashtra',837753,13480.59),
(636,189,'2024-12-26 06:21:00','Credit Card','CONFIRMED','Kochi','Kerala',679626,906.37),
(637,119,'2024-04-04 18:00:00','UPI','DELIVERED','Pune','Maharashtra',474641,1452.22),
(638,275,'2025-08-04 01:51:00','UPI','DELIVERED','Lucknow','Uttar Pradesh',105912,3187.60),
(639,30,'2024-03-19 01:08:00','Credit Card','SHIPPED','Kolkata','West Bengal',606044,2018.17),
(640,161,'2024-12-24 19:41:00','COD','RETURNED','Nagpur','Maharashtra',522076,20084.62),
(641,67,'2025-02-11 15:42:00','UPI','CONFIRMED','Patna','Bihar',690607,931.74),
(642,129,'2025-07-10 06:31:00','Debit Card','CANCELLED','Visakhapatnam','Andhra Pradesh',375745,20475.65),
(643,113,'2025-03-30 22:19:00','COD','DELIVERED','Pune','Maharashtra',492686,1081.34),
(644,150,'2024-09-07 16:57:00','UPI','DELIVERED','Bengaluru','Karnataka',783061,1813.72),
(645,258,'2024-04-16 01:22:00','COD','DELIVERED','Noida','Uttar Pradesh',143746,5770.64),
(646,319,'2025-05-12 08:05:00','UPI','CONFIRMED','Mumbai','Maharashtra',638765,28319.75),
(647,267,'2024-08-24 09:47:00','Credit Card','CONFIRMED','Kolkata','West Bengal',147509,1605.69),
(648,73,'2024-02-06 07:44:00','Credit Card','DELIVERED','Ahmedabad','Gujarat',286712,21280.91),
(649,59,'2024-01-22 15:53:00','UPI','SHIPPED','Delhi','Delhi',252621,433.34),
(650,197,'2024-11-03 02:03:00','UPI','DELIVERED','Gurugram','Haryana',252236,597.14),
(651,254,'2024-01-20 12:24:00','Credit Card','SHIPPED','Chennai','Tamil Nadu',399843,6226.47),
(652,195,'2024-07-07 21:27:00','Credit Card','DELIVERED','Kolkata','West Bengal',163993,8093.00),
(653,17,'2025-07-08 11:59:00','UPI','DELIVERED','Delhi','Delhi',463589,13725.75),
(654,173,'2024-09-25 18:13:00','NetBanking','SHIPPED','Jaipur','Rajasthan',541065,30128.20),
(655,319,'2025-03-20 13:50:00','Debit Card','DELIVERED','Mumbai','Maharashtra',638765,12102.40),
(656,30,'2024-04-21 17:24:00','Wallet','RETURNED','Kolkata','West Bengal',606044,1349.88),
(657,148,'2025-07-01 14:27:00','Credit Card','DELIVERED','Gurugram','Haryana',617930,861.52),
(658,266,'2024-09-23 05:24:00','Credit Card','RETURNED','Lucknow','Uttar Pradesh',677940,11711.32),
(659,122,'2024-05-15 00:17:00','NetBanking','RETURNED','Lucknow','Uttar Pradesh',757385,2482.81),
(660,44,'2024-09-12 17:18:00','UPI','DELIVERED','Ahmedabad','Gujarat',340558,31495.22),
(661,316,'2024-10-07 11:17:00','Debit Card','DELIVERED','Indore','Madhya Pradesh',487569,4481.21),
(662,312,'2024-01-13 03:19:00','Credit Card','SHIPPED','Chandigarh','Chandigarh',545771,609.25),
(663,136,'2024-07-02 14:29:00','UPI','PLACED','Surat','Gujarat',338866,575.45),
(664,19,'2025-01-02 15:40:00','NetBanking','SHIPPED','Patna','Bihar',768308,5445.72),
(665,30,'2025-08-16 02:17:00','COD','DELIVERED','Kolkata','West Bengal',606044,4106.74),
(666,33,'2025-03-27 05:16:00','NetBanking','SHIPPED','Visakhapatnam','Andhra Pradesh',634327,1651.75),
(667,254,'2024-05-10 07:40:00','UPI','RETURN_REQUESTED','Chennai','Tamil Nadu',399843,404.89),
(668,336,'2024-02-20 07:07:00','Debit Card','SHIPPED','Visakhapatnam','Andhra Pradesh',423679,4555.81),
(669,260,'2025-03-26 18:20:00','UPI','DELIVERED','Pune','Maharashtra',312665,2629.90),
(670,32,'2024-09-22 08:01:00','Debit Card','RETURN_REQUESTED','Kochi','Kerala',151245,1870.45),
(671,181,'2025-07-07 22:02:00','Debit Card','SHIPPED','Hyderabad','Telangana',614923,1885.76),
(672,40,'2025-06-03 14:07:00','Credit Card','SHIPPED','Visakhapatnam','Andhra Pradesh',802178,32664.32),
(673,167,'2025-08-07 11:53:00','NetBanking','DELIVERED','Delhi','Delhi',124972,30100.80),
(674,329,'2025-03-12 09:09:00','UPI','DELIVERED','Visakhapatnam','Andhra Pradesh',285209,40154.76),
(675,185,'2024-12-09 13:57:00','Debit Card','DELIVERED','Chandigarh','Chandigarh',279685,10074.01),
(676,151,'2024-02-01 05:23:00','UPI','RETURNED','Jaipur','Rajasthan',467295,62012.15),
(677,303,'2024-01-27 03:38:00','UPI','SHIPPED','Delhi','Delhi',456778,24954.07),
(678,261,'2025-08-18 22:22:00','COD','DELIVERED','Chandigarh','Chandigarh',534220,2387.19),
(679,299,'2024-02-03 21:46:00','UPI','DELIVERED','Surat','Gujarat',882440,290.60),
(680,333,'2024-03-21 02:59:00','Wallet','DELIVERED','Bhopal','Madhya Pradesh',108320,12024.50),
(681,295,'2025-07-15 23:26:00','Credit Card','CONFIRMED','Pune','Maharashtra',689546,5619.40),
(682,271,'2024-02-22 19:30:00','Debit Card','DELIVERED','Patna','Bihar',640434,106572.12),
(683,163,'2024-10-02 06:53:00','Credit Card','RETURNED','Hyderabad','Telangana',382990,710.85),
(684,169,'2024-09-05 11:14:00','Credit Card','DELIVERED','Ahmedabad','Gujarat',126977,1608.93),
(685,60,'2024-09-03 14:46:00','Wallet','DELIVERED','Hyderabad','Telangana',502793,15384.37),
(686,41,'2024-12-26 17:32:00','UPI','DELIVERED','Gurugram','Haryana',819621,1303.26),
(687,248,'2024-08-23 14:50:00','Credit Card','DELIVERED','Chandigarh','Chandigarh',680862,13669.78),
(688,65,'2025-07-04 07:49:00','COD','DELIVERED','Hyderabad','Telangana',217477,14760.99),
(689,341,'2024-05-21 19:16:00','NetBanking','SHIPPED','Kochi','Kerala',222982,1210.32),
(690,61,'2024-03-24 13:26:00','Credit Card','CONFIRMED','Nagpur','Maharashtra',281700,14707.77),
(691,254,'2024-07-21 05:56:00','Credit Card','SHIPPED','Chennai','Tamil Nadu',399843,2388.56),
(692,215,'2024-09-26 17:45:00','COD','DELIVERED','Kochi','Kerala',755700,3082.22),
(693,65,'2024-02-04 13:01:00','Debit Card','RETURNED','Hyderabad','Telangana',217477,1288.21),
(694,68,'2025-06-11 16:58:00','UPI','DELIVERED','Kochi','Kerala',727698,363.18),
(695,66,'2025-02-15 22:35:00','UPI','SHIPPED','Kochi','Kerala',132690,7810.67),
(696,173,'2024-12-10 18:38:00','Debit Card','RETURNED','Jaipur','Rajasthan',541065,2305.48),
(697,24,'2024-03-16 23:58:00','UPI','DELIVERED','Bhopal','Madhya Pradesh',698675,11038.18),
(698,210,'2025-04-05 23:53:00','Credit Card','DELIVERED','Kochi','Kerala',753052,303.09),
(699,69,'2024-07-06 23:49:00','Credit Card','CANCELLED','Chennai','Tamil Nadu',368765,7469.18),
(700,261,'2024-03-26 04:57:00','UPI','DELIVERED','Chandigarh','Chandigarh',534220,3949.62),
(701,346,'2025-04-09 12:20:00','Credit Card','DELIVERED','Visakhapatnam','Andhra Pradesh',387856,64.27),
(702,302,'2024-10-13 03:14:00','UPI','SHIPPED','Indore','Madhya Pradesh',470870,10095.45),
(703,289,'2025-06-14 16:37:00','Credit Card','RETURNED','Indore','Madhya Pradesh',410316,22777.99),
(704,147,'2024-11-26 12:20:00','NetBanking','RETURNED','Delhi','Delhi',417114,73752.13),
(705,22,'2024-08-03 13:33:00','UPI','RETURN_REQUESTED','Mumbai','Maharashtra',362660,20147.68),
(706,161,'2024-04-11 11:18:00','UPI','SHIPPED','Nagpur','Maharashtra',522076,15592.96),
(707,250,'2025-03-25 07:56:00','UPI','RETURNED','Noida','Uttar Pradesh',303966,4400.27),
(708,133,'2024-04-18 07:42:00','UPI','CONFIRMED','Noida','Uttar Pradesh',687398,2424.62),
(709,283,'2025-06-04 05:01:00','Credit Card','PLACED','Jaipur','Rajasthan',766228,18973.47),
(710,277,'2025-07-04 06:00:00','Credit Card','CANCELLED','Visakhapatnam','Andhra Pradesh',855431,5992.04),
(711,190,'2024-07-27 09:36:00','Credit Card','DELIVERED','Chennai','Tamil Nadu',584013,7384.12),
(712,65,'2025-04-09 09:58:00','UPI','DELIVERED','Hyderabad','Telangana',217477,892.21),
(713,62,'2025-03-31 13:31:00','UPI','RETURN_REQUESTED','Kochi','Kerala',790297,68657.41),
(714,143,'2024-04-29 11:51:00','UPI','DELIVERED','Chandigarh','Chandigarh',159743,38150.80),
(715,39,'2024-11-30 05:32:00','UPI','DELIVERED','Surat','Gujarat',346915,25770.59),
(716,263,'2024-03-16 22:44:00','UPI','RETURNED','Patna','Bihar',520357,6021.35),
(717,222,'2024-04-12 22:50:00','Credit Card','SHIPPED','Ahmedabad','Gujarat',749857,2327.60),
(718,286,'2024-02-06 20:40:00','UPI','CONFIRMED','Lucknow','Uttar Pradesh',133092,36771.55),
(719,193,'2024-08-13 21:12:00','UPI','SHIPPED','Kolkata','West Bengal',504909,4063.26),
(720,96,'2025-05-23 09:08:00','UPI','RETURN_REQUESTED','Chennai','Tamil Nadu',262780,11058.58),
(721,265,'2024-08-07 00:27:00','UPI','DELIVERED','Noida','Uttar Pradesh',696853,4243.63),
(722,107,'2024-07-01 01:26:00','Debit Card','DELIVERED','Bhopal','Madhya Pradesh',795122,36828.66),
(723,324,'2025-08-20 07:40:00','UPI','DELIVERED','Noida','Uttar Pradesh',193616,4669.04),
(724,93,'2024-11-03 07:56:00','UPI','DELIVERED','Kolkata','West Bengal',561252,11027.52),
(725,323,'2025-02-05 19:22:00','Credit Card','SHIPPED','Pune','Maharashtra',578936,133834.48),
(726,113,'2024-04-25 09:26:00','Wallet','SHIPPED','Pune','Maharashtra',492686,4214.94),
(727,340,'2025-03-11 03:11:00','Credit Card','SHIPPED','Pune','Maharashtra',499171,12834.77),
(728,59,'2024-12-21 22:25:00','Debit Card','DELIVERED','Delhi','Delhi',252621,11898.57),
(729,248,'2025-05-15 19:26:00','Debit Card','PLACED','Chandigarh','Chandigarh',680862,9452.10),
(730,138,'2025-06-03 06:56:00','COD','DELIVERED','Gurugram','Haryana',177232,2691.36),
(731,288,'2024-11-26 08:43:00','UPI','DELIVERED','Delhi','Delhi',250984,486.12),
(732,227,'2025-03-11 12:16:00','COD','SHIPPED','Noida','Uttar Pradesh',354784,17792.53),
(733,113,'2024-12-13 20:52:00','UPI','DELIVERED','Pune','Maharashtra',492686,363.18),
(734,114,'2025-08-09 05:34:00','UPI','DELIVERED','Nagpur','Maharashtra',289296,52147.39),
(735,315,'2024-12-03 04:38:00','Credit Card','RETURNED','Chennai','Tamil Nadu',375133,7102.64),
(736,11,'2025-01-23 02:49:00','Debit Card','RETURNED','Bhopal','Madhya Pradesh',298142,105795.79),
(737,284,'2024-03-05 20:03:00','Credit Card','DELIVERED','Patna','Bihar',145637,7535.53),
(738,102,'2024-06-09 17:25:00','COD','SHIPPED','Noida','Uttar Pradesh',730990,302.45),
(739,83,'2025-01-17 10:26:00','UPI','DELIVERED','Patna','Bihar',664638,178110.12),
(740,7,'2024-02-06 00:48:00','COD','CONFIRMED','Pune','Maharashtra',154139,226331.12),
(741,204,'2025-05-11 01:10:00','UPI','PLACED','Chennai','Tamil Nadu',371155,7327.95),
(742,324,'2024-09-10 01:17:00','Debit Card','CANCELLED','Noida','Uttar Pradesh',193616,51032.80),
(743,194,'2025-02-14 04:52:00','Debit Card','SHIPPED','Kochi','Kerala',754386,103248.69),
(744,44,'2024-03-19 02:32:00','Debit Card','DELIVERED','Ahmedabad','Gujarat',340558,3393.03),
(745,213,'2024-01-21 00:47:00','NetBanking','DELIVERED','Chennai','Tamil Nadu',119001,8369.27),
(746,78,'2024-04-07 23:37:00','NetBanking','SHIPPED','Hyderabad','Telangana',587068,5056.68),
(747,311,'2024-11-15 10:27:00','Credit Card','PLACED','Chennai','Tamil Nadu',782894,24136.19),
(748,141,'2025-04-14 06:06:00','UPI','DELIVERED','Bhopal','Madhya Pradesh',371957,2640.32),
(749,242,'2025-01-20 09:27:00','UPI','RETURNED','Gurugram','Haryana',477718,817.95),
(750,288,'2024-10-12 15:18:00','COD','DELIVERED','Delhi','Delhi',250984,36697.26),
(751,126,'2025-01-26 00:31:00','Debit Card','RETURNED','Kochi','Kerala',331164,2075.49),
(752,280,'2024-04-20 14:14:00','Credit Card','PLACED','Pune','Maharashtra',541072,16278.87),
(753,119,'2025-04-02 11:30:00','Credit Card','DELIVERED','Pune','Maharashtra',474641,22263.32),
(754,171,'2024-05-27 20:05:00','UPI','SHIPPED','Surat','Gujarat',766769,22489.03),
(755,251,'2024-09-12 02:09:00','Credit Card','CANCELLED','Chandigarh','Chandigarh',568949,8219.35),
(756,268,'2025-08-03 07:03:00','NetBanking','SHIPPED','Bengaluru','Karnataka',523411,28746.85),
(757,160,'2024-12-11 04:02:00','UPI','DELIVERED','Gurugram','Haryana',810120,15411.10),
(758,209,'2024-01-06 08:44:00','UPI','DELIVERED','Chennai','Tamil Nadu',128541,244495.59),
(759,251,'2025-07-12 15:20:00','Wallet','SHIPPED','Chandigarh','Chandigarh',568949,3469.35),
(760,237,'2025-05-09 16:35:00','COD','RETURNED','Visakhapatnam','Andhra Pradesh',411063,9602.33),
(761,42,'2024-04-17 13:44:00','UPI','CONFIRMED','Bhopal','Madhya Pradesh',892539,15112.74),
(762,7,'2024-06-14 16:47:00','UPI','SHIPPED','Pune','Maharashtra',154139,24210.36),
(763,59,'2024-02-09 13:31:00','UPI','CANCELLED','Delhi','Delhi',252621,24307.12),
(764,250,'2024-05-23 23:55:00','Credit Card','DELIVERED','Noida','Uttar Pradesh',303966,1635.90),
(765,152,'2024-04-30 13:18:00','Debit Card','RETURN_REQUESTED','Indore','Madhya Pradesh',857991,7866.48),
(766,139,'2025-06-19 10:39:00','COD','DELIVERED','Noida','Uttar Pradesh',200200,5688.85),
(767,85,'2024-05-24 09:33:00','Debit Card','CANCELLED','Bengaluru','Karnataka',206567,2830.27),
(768,191,'2025-06-15 19:16:00','Credit Card','SHIPPED','Jaipur','Rajasthan',475277,4761.23),
(769,170,'2024-05-18 05:33:00','Debit Card','DELIVERED','Nagpur','Maharashtra',655264,1618.36),
(770,163,'2025-03-02 05:09:00','Credit Card','RETURNED','Hyderabad','Telangana',382990,22108.22),
(771,3,'2024-11-15 22:12:00','UPI','CONFIRMED','Kolkata','West Bengal',636760,4089.67),
(772,235,'2024-12-04 03:03:00','Debit Card','DELIVERED','Patna','Bihar',353485,5371.18),
(773,35,'2024-12-24 20:35:00','COD','SHIPPED','Chennai','Tamil Nadu',240601,73527.03),
(774,8,'2024-07-16 08:18:00','NetBanking','RETURN_REQUESTED','Delhi','Delhi',799767,5479.04),
(775,300,'2024-11-09 11:39:00','NetBanking','RETURNED','Surat','Gujarat',143860,1485.01),
(776,288,'2025-07-08 20:42:00','UPI','DELIVERED','Delhi','Delhi',250984,52943.60),
(777,53,'2024-08-09 08:11:00','UPI','CONFIRMED','Nagpur','Maharashtra',792624,5798.52),
(778,268,'2025-01-27 10:36:00','NetBanking','DELIVERED','Bengaluru','Karnataka',523411,107760.48),
(779,142,'2025-04-29 06:10:00','UPI','SHIPPED','Indore','Madhya Pradesh',843453,2724.31),
(780,111,'2024-04-03 19:09:00','UPI','DELIVERED','Visakhapatnam','Andhra Pradesh',180800,9080.54),
(781,1,'2024-11-27 02:57:00','Wallet','CONFIRMED','Jaipur','Rajasthan',477442,4984.15),
(782,226,'2025-03-11 21:30:00','UPI','DELIVERED','Pune','Maharashtra',268322,1444.08),
(783,61,'2024-09-03 17:25:00','UPI','DELIVERED','Nagpur','Maharashtra',281700,2129.56),
(784,243,'2024-12-29 09:53:00','Credit Card','DELIVERED','Hyderabad','Telangana',282660,3542.66),
(785,310,'2024-08-07 05:40:00','NetBanking','DELIVERED','Indore','Madhya Pradesh',293465,5224.31),
(786,224,'2025-07-27 14:31:00','Debit Card','SHIPPED','Gurugram','Haryana',369464,36347.78),
(787,62,'2025-07-25 13:41:00','UPI','PLACED','Kochi','Kerala',790297,3399.23),
(788,188,'2025-04-22 21:22:00','Debit Card','SHIPPED','Patna','Bihar',371368,16081.34),
(789,287,'2024-07-14 12:23:00','UPI','DELIVERED','Kolkata','West Bengal',207704,8577.50),
(790,6,'2024-07-19 14:23:00','Credit Card','PLACED','Nagpur','Maharashtra',221077,56075.48),
(791,159,'2024-12-02 03:58:00','UPI','SHIPPED','Surat','Gujarat',364039,13953.36),
(792,7,'2024-10-06 01:41:00','UPI','DELIVERED','Pune','Maharashtra',154139,716.77),
(793,23,'2024-09-16 08:40:00','UPI','DELIVERED','Lucknow','Uttar Pradesh',742607,735.12),
(794,16,'2025-04-27 19:40:00','Credit Card','SHIPPED','Jaipur','Rajasthan',375400,56273.27),
(795,332,'2025-07-12 03:02:00','UPI','DELIVERED','Lucknow','Uttar Pradesh',441128,15798.48),
(796,79,'2024-06-30 04:05:00','Credit Card','CANCELLED','Hyderabad','Telangana',729906,16644.43),
(797,29,'2025-03-30 20:45:00','UPI','CONFIRMED','Kolkata','West Bengal',271359,84822.21),
(798,279,'2024-10-11 06:41:00','Debit Card','PLACED','Noida','Uttar Pradesh',145474,840.49),
(799,345,'2024-11-20 22:10:00','COD','DELIVERED','Jaipur','Rajasthan',412027,7016.83),
(800,188,'2025-06-12 00:42:00','Credit Card','CANCELLED','Patna','Bihar',371368,16668.80);



INSERT INTO order_items (order_item_id, order_id, product_id, quantity, unit_price, discount, sell_price, line_total) VALUES
(1,1,19,1,39864.36,5979.65,33884.71,33884.71),
(2,1,10,1,834.50,41.72,792.78,792.78),
(3,2,74,3,855.32,85.53,769.79,2309.37),
(4,3,98,3,1478.93,73.95,1404.98,4214.94),
(5,3,98,2,1478.93,147.89,1331.04,2662.08),
(6,4,108,1,1699.42,169.94,1529.48,1529.48),
(7,5,36,1,4902.59,245.13,4657.46,4657.46),
(8,5,32,4,204.94,20.49,184.45,737.80),
(9,6,96,1,1778.80,0.00,1778.80,1778.80),
(10,7,86,1,1778.58,0.00,1778.58,1778.58),
(11,7,27,1,2541.06,0.00,2541.06,2541.06),
(12,8,76,2,50336.58,0.00,50336.58,100673.16),
(13,8,54,1,1855.67,278.35,1577.32,1577.32),
(14,8,111,1,966.68,0.00,966.68,966.68),
(15,9,89,2,58400.68,11680.14,46720.54,93441.08),
(16,10,27,2,2541.06,0.00,2541.06,5082.12),
(17,11,54,2,1855.67,185.57,1670.10,3340.20),
(18,11,24,4,231.07,0.00,231.07,924.28),
(19,12,29,2,1499.87,149.99,1349.88,2699.76),
(20,12,51,1,8056.62,402.83,7653.79,7653.79),
(21,12,113,1,1049.76,0.00,1049.76,1049.76),
(22,13,85,1,56703.11,0.00,56703.11,56703.11),
(23,14,23,1,311.12,0.00,311.12,311.12),
(24,14,9,1,2186.91,0.00,2186.91,2186.91),
(25,14,80,1,2283.30,0.00,2283.30,2283.30),
(26,15,55,1,4731.36,0.00,4731.36,4731.36),
(27,16,98,1,1478.93,0.00,1478.93,1478.93),
(28,16,50,1,1690.20,253.53,1436.67,1436.67),
(29,16,100,1,922.99,0.00,922.99,922.99),
(30,16,74,1,855.32,0.00,855.32,855.32),
(31,17,116,1,319.66,15.98,303.68,303.68),
(32,18,83,1,2413.63,241.36,2172.27,2172.27),
(33,18,67,2,3972.77,0.00,3972.77,7945.54),
(34,19,115,1,453.98,45.40,408.58,408.58),
(35,19,77,2,966.26,48.31,917.95,1835.90),
(36,20,117,3,1030.07,0.00,1030.07,3090.21),
(37,21,57,1,22489.03,4497.81,17991.22,17991.22),
(38,21,107,1,3854.83,963.71,2891.12,2891.12),
(39,22,24,3,231.07,11.55,219.52,658.56),
(40,22,30,1,11217.17,0.00,11217.17,11217.17),
(41,23,6,2,5977.15,1195.43,4781.72,9563.44),
(42,23,102,2,76.47,3.82,72.65,145.30),
(43,24,5,1,1339.42,66.97,1272.45,1272.45),
(44,24,100,1,922.99,92.30,830.69,830.69),
(45,24,120,3,1229.96,0.00,1229.96,3689.88),
(46,25,38,1,4001.47,0.00,4001.47,4001.47),
(47,26,33,1,840.49,0.00,840.49,840.49),
(48,27,64,2,6855.58,0.00,6855.58,13711.16),
(49,28,34,1,6668.72,333.44,6335.28,6335.28),
(50,28,71,1,3642.84,546.43,3096.41,3096.41),
(51,28,86,1,1778.58,88.93,1689.65,1689.65),
(52,29,49,2,2666.04,0.00,2666.04,5332.08),
(53,30,90,1,1787.70,0.00,1787.70,1787.70),
(54,30,83,1,2413.63,120.68,2292.95,2292.95),
(55,31,84,1,4592.01,0.00,4592.01,4592.01),
(56,31,74,1,855.32,0.00,855.32,855.32),
(57,32,24,1,231.07,34.66,196.41,196.41),
(58,32,92,4,8320.93,0.00,8320.93,33283.72),
(59,33,89,1,58400.68,5840.07,52560.61,52560.61),
(60,33,60,4,2322.92,0.00,2322.92,9291.68),
(61,34,116,1,319.66,0.00,319.66,319.66),
(62,34,29,1,1499.87,299.97,1199.90,1199.90),
(63,35,8,2,323.80,0.00,323.80,647.60),
(64,36,80,2,2283.30,0.00,2283.30,4566.60),
(65,37,4,4,906.86,0.00,906.86,3627.44),
(66,38,14,2,1431.35,71.57,1359.78,2719.56),
(67,39,116,1,319.66,31.97,287.69,287.69),
(68,39,61,2,1728.75,0.00,1728.75,3457.50),
(69,40,111,1,966.68,0.00,966.68,966.68),
(70,40,97,3,2824.94,282.49,2542.45,7627.35),
(71,41,105,1,4254.44,0.00,4254.44,4254.44),
(72,41,104,1,3496.42,0.00,3496.42,3496.42),
(73,41,102,1,76.47,11.47,65.00,65.00),
(74,42,41,1,35219.60,0.00,35219.60,35219.60),
(75,43,120,1,1229.96,123.00,1106.96,1106.96),
(76,43,14,3,1431.35,71.57,1359.78,4079.34),
(77,44,45,1,18348.63,917.43,17431.20,17431.20),
(78,44,17,3,1028.38,102.84,925.54,2776.62),
(79,45,91,1,5992.04,0.00,5992.04,5992.04),
(80,46,7,3,7796.48,0.00,7796.48,23389.44),
(81,46,49,3,2666.04,399.91,2266.13,6798.39),
(82,47,61,1,1728.75,0.00,1728.75,1728.75),
(83,47,100,1,922.99,92.30,830.69,830.69),
(84,48,73,1,395.19,0.00,395.19,395.19),
(85,48,21,1,1911.72,0.00,1911.72,1911.72),
(86,49,80,1,2283.30,0.00,2283.30,2283.30),
(87,49,102,3,76.47,7.65,68.82,206.46),
(88,49,109,2,21330.35,5332.59,15997.76,31995.52),
(89,50,15,1,7739.41,773.94,6965.47,6965.47),
(90,51,116,1,319.66,15.98,303.68,303.68),
(91,52,35,1,766.62,0.00,766.62,766.62),
(92,52,116,3,319.66,0.00,319.66,958.98),
(93,53,69,1,162.04,40.51,121.53,121.53),
(94,53,9,1,2186.91,0.00,2186.91,2186.91),
(95,54,104,1,3496.42,0.00,3496.42,3496.42),
(96,54,3,1,1710.85,171.08,1539.77,1539.77),
(97,55,57,1,22489.03,0.00,22489.03,22489.03),
(98,55,114,1,1416.50,0.00,1416.50,1416.50),
(99,56,4,1,906.86,226.72,680.14,680.14),
(100,57,49,1,2666.04,399.91,2266.13,2266.13),
(101,57,58,4,5479.04,821.86,4657.18,18628.72),
(102,57,102,1,76.47,11.47,65.00,65.00),
(103,58,99,4,991.34,49.57,941.77,3767.08),
(104,58,106,1,4157.50,0.00,4157.50,4157.50),
(105,58,70,1,554.39,0.00,554.39,554.39),
(106,59,96,1,1778.80,0.00,1778.80,1778.80),
(107,59,30,3,11217.17,2804.29,8412.88,25238.64),
(108,60,30,1,11217.17,1121.72,10095.45,10095.45),
(109,60,46,2,1096.16,0.00,1096.16,2192.32),
(110,60,73,3,395.19,0.00,395.19,1185.57),
(111,61,64,1,6855.58,685.56,6170.02,6170.02),
(112,62,94,2,1909.64,95.48,1814.16,3628.32),
(113,62,64,1,6855.58,0.00,6855.58,6855.58),
(114,62,46,1,1096.16,0.00,1096.16,1096.16),
(115,63,26,1,1980.01,198.00,1782.01,1782.01),
(116,64,3,2,1710.85,0.00,1710.85,3421.70),
(117,64,82,1,1847.34,369.47,1477.87,1477.87),
(118,64,106,1,4157.50,0.00,4157.50,4157.50),
(119,64,10,1,834.50,125.18,709.32,709.32),
(120,65,37,2,1798.18,0.00,1798.18,3596.36),
(121,65,99,2,991.34,0.00,991.34,1982.68),
(122,65,47,2,736.14,0.00,736.14,1472.28),
(123,66,44,2,7064.89,0.00,7064.89,14129.78),
(124,66,47,1,736.14,0.00,736.14,736.14),
(125,66,98,1,1478.93,221.84,1257.09,1257.09),
(126,67,21,1,1911.72,0.00,1911.72,1911.72),
(127,67,68,4,2683.34,0.00,2683.34,10733.36),
(128,68,40,1,2184.73,0.00,2184.73,2184.73),
(129,68,47,2,736.14,0.00,736.14,1472.28),
(130,69,74,2,855.32,0.00,855.32,1710.64),
(131,69,38,2,4001.47,400.15,3601.32,7202.64),
(132,69,68,1,2683.34,268.33,2415.01,2415.01),
(133,70,42,1,4495.52,674.33,3821.19,3821.19),
(134,70,94,1,1909.64,190.96,1718.68,1718.68),
(135,71,30,1,11217.17,0.00,11217.17,11217.17),
(136,72,81,2,404.29,20.21,384.08,768.16),
(137,72,45,1,18348.63,3669.73,14678.90,14678.90),
(138,73,115,2,453.98,90.80,363.18,726.36),
(139,74,101,4,2856.53,571.31,2285.22,9140.88),
(140,74,71,1,3642.84,546.43,3096.41,3096.41),
(141,75,118,1,1201.49,240.30,961.19,961.19),
(142,75,21,1,1911.72,0.00,1911.72,1911.72),
(143,76,13,1,4779.23,238.96,4540.27,4540.27),
(144,77,24,4,231.07,11.55,219.52,878.08),
(145,77,11,2,2389.60,0.00,2389.60,4779.20),
(146,77,106,4,4157.50,0.00,4157.50,16630.00),
(147,78,96,1,1778.80,88.94,1689.86,1689.86),
(148,79,115,3,453.98,0.00,453.98,1361.94),
(149,80,5,1,1339.42,200.91,1138.51,1138.51),
(150,81,73,1,395.19,39.52,355.67,355.67),
(151,81,26,3,1980.01,0.00,1980.01,5940.03),
(152,81,88,1,54296.90,8144.54,46152.36,46152.36),
(153,82,86,2,1778.58,0.00,1778.58,3557.16),
(154,82,68,1,2683.34,0.00,2683.34,2683.34),
(155,83,116,1,319.66,0.00,319.66,319.66),
(156,84,104,2,3496.42,524.46,2971.96,5943.92),
(157,84,3,1,1710.85,85.54,1625.31,1625.31),
(158,84,92,1,8320.93,832.09,7488.84,7488.84),
(159,85,119,1,1183.09,236.62,946.47,946.47),
(160,86,17,1,1028.38,257.10,771.28,771.28),
(161,86,77,1,966.26,0.00,966.26,966.26),
(162,87,58,1,5479.04,273.95,5205.09,5205.09),
(163,87,113,2,1049.76,52.49,997.27,1994.54),
(164,88,90,1,1787.70,0.00,1787.70,1787.70),
(165,89,43,1,365.34,36.53,328.81,328.81),
(166,89,96,2,1778.80,266.82,1511.98,3023.96),
(167,90,1,1,1943.24,0.00,1943.24,1943.24),
(168,90,15,2,7739.41,0.00,7739.41,15478.82),
(169,91,108,1,1699.42,339.88,1359.54,1359.54),
(170,92,93,1,433.34,0.00,433.34,433.34),
(171,92,116,1,319.66,0.00,319.66,319.66),
(172,93,11,1,2389.60,238.96,2150.64,2150.64),
(173,94,85,2,56703.11,5670.31,51032.80,102065.60),
(174,95,25,1,51752.20,7762.83,43989.37,43989.37),
(175,95,95,1,1132.96,0.00,1132.96,1132.96),
(176,95,2,2,2499.63,0.00,2499.63,4999.26),
(177,96,79,2,1313.46,0.00,1313.46,2626.92),
(178,96,92,1,8320.93,0.00,8320.93,8320.93),
(179,96,74,1,855.32,85.53,769.79,769.79),
(180,97,60,1,2322.92,0.00,2322.92,2322.92),
(181,97,44,3,7064.89,0.00,7064.89,21194.67),
(182,98,100,1,922.99,92.30,830.69,830.69),
(183,98,16,1,225.65,0.00,225.65,225.65),
(184,99,61,2,1728.75,0.00,1728.75,3457.50),
(185,99,90,2,1787.70,0.00,1787.70,3575.40),
(186,100,82,1,1847.34,0.00,1847.34,1847.34),
(187,100,119,1,1183.09,177.46,1005.63,1005.63),
(188,100,30,1,11217.17,2804.29,8412.88,8412.88),
(189,101,43,1,365.34,0.00,365.34,365.34),
(190,102,83,1,2413.63,482.73,1930.90,1930.90),
(191,102,44,1,7064.89,0.00,7064.89,7064.89),
(192,103,63,3,7768.92,0.00,7768.92,23306.76),
(193,103,28,1,971.66,97.17,874.49,874.49),
(194,104,19,1,39864.36,9966.09,29898.27,29898.27),
(195,105,78,3,302.45,0.00,302.45,907.35),
(196,105,68,1,2683.34,0.00,2683.34,2683.34),
(197,106,51,1,8056.62,402.83,7653.79,7653.79),
(198,106,69,1,162.04,16.20,145.84,145.84),
(199,107,119,3,1183.09,236.62,946.47,2839.41),
(200,108,9,1,2186.91,328.04,1858.87,1858.87),
(201,109,76,1,50336.58,2516.83,47819.75,47819.75),
(202,110,42,1,4495.52,0.00,4495.52,4495.52),
(203,110,65,1,4654.17,0.00,4654.17,4654.17),
(204,110,20,2,1303.51,65.18,1238.33,2476.66),
(205,111,21,1,1911.72,0.00,1911.72,1911.72),
(206,111,97,1,2824.94,282.49,2542.45,2542.45),
(207,112,2,1,2499.63,0.00,2499.63,2499.63),
(208,112,114,3,1416.50,0.00,1416.50,4249.50),
(209,113,116,1,319.66,0.00,319.66,319.66),
(210,114,44,3,7064.89,0.00,7064.89,21194.67),
(211,115,99,1,991.34,0.00,991.34,991.34),
(212,115,80,3,2283.30,0.00,2283.30,6849.90),
(213,116,22,1,6834.89,1025.23,5809.66,5809.66),
(214,117,93,1,433.34,0.00,433.34,433.34),
(215,117,106,2,4157.50,0.00,4157.50,8315.00),
(216,118,23,1,311.12,0.00,311.12,311.12),
(217,118,105,1,4254.44,425.44,3829.00,3829.00),
(218,118,95,2,1132.96,0.00,1132.96,2265.92),
(219,118,6,2,5977.15,0.00,5977.15,11954.30),
(220,119,57,3,22489.03,2248.90,20240.13,60720.39),
(221,119,62,1,2980.94,0.00,2980.94,2980.94),
(222,120,97,3,2824.94,0.00,2824.94,8474.82),
(223,120,117,2,1030.07,206.01,824.06,1648.12),
(224,121,120,2,1229.96,61.50,1168.46,2336.92),
(225,121,49,1,2666.04,133.30,2532.74,2532.74),
(226,122,105,1,4254.44,638.17,3616.27,3616.27),
(227,122,77,1,966.26,0.00,966.26,966.26),
(228,123,62,3,2980.94,149.05,2831.89,8495.67),
(229,123,70,1,554.39,27.72,526.67,526.67),
(230,123,37,2,1798.18,449.54,1348.64,2697.28),
(231,123,73,1,395.19,59.28,335.91,335.91),
(232,124,85,1,56703.11,2835.16,53867.95,53867.95),
(233,124,20,1,1303.51,260.70,1042.81,1042.81),
(234,125,21,2,1911.72,0.00,1911.72,3823.44),
(235,125,93,1,433.34,0.00,433.34,433.34),
(236,125,61,2,1728.75,0.00,1728.75,3457.50),
(237,126,32,2,204.94,10.25,194.69,389.38),
(238,126,55,1,4731.36,0.00,4731.36,4731.36),
(239,126,51,1,8056.62,805.66,7250.96,7250.96),
(240,127,87,1,108.33,16.25,92.08,92.08),
(241,127,97,1,2824.94,564.99,2259.95,2259.95),
(242,128,77,1,966.26,241.56,724.70,724.70),
(243,128,53,1,905.75,135.86,769.89,769.89),
(244,128,21,1,1911.72,382.34,1529.38,1529.38),
(245,129,23,3,311.12,0.00,311.12,933.36),
(246,129,84,1,4592.01,0.00,4592.01,4592.01),
(247,130,56,1,817.95,40.90,777.05,777.05),
(248,130,51,1,8056.62,0.00,8056.62,8056.62),
(249,130,5,2,1339.42,66.97,1272.45,2544.90),
(250,131,7,2,7796.48,779.65,7016.83,14033.66),
(251,132,90,1,1787.70,268.15,1519.55,1519.55),
(252,133,95,1,1132.96,0.00,1132.96,1132.96),
(253,133,55,2,4731.36,236.57,4494.79,8989.58),
(254,134,106,1,4157.50,0.00,4157.50,4157.50),
(255,135,10,1,834.50,83.45,751.05,751.05),
(256,135,42,2,4495.52,224.78,4270.74,8541.48),
(257,136,63,1,7768.92,388.45,7380.47,7380.47),
(258,136,111,1,966.68,0.00,966.68,966.68),
(259,137,64,2,6855.58,1028.34,5827.24,11654.48),
(260,137,37,1,1798.18,89.91,1708.27,1708.27),
(261,138,45,1,18348.63,0.00,18348.63,18348.63),
(262,138,48,1,8577.50,0.00,8577.50,8577.50),
(263,139,8,3,323.80,0.00,323.80,971.40),
(264,139,81,2,404.29,0.00,404.29,808.58),
(265,139,72,1,2629.90,657.48,1972.42,1972.42),
(266,140,9,4,2186.91,0.00,2186.91,8747.64),
(267,140,99,2,991.34,0.00,991.34,1982.68),
(268,141,31,1,716.77,71.68,645.09,645.09),
(269,141,4,1,906.86,0.00,906.86,906.86),
(270,142,65,2,4654.17,698.13,3956.04,7912.08),
(271,142,56,2,817.95,0.00,817.95,1635.90),
(272,143,50,3,1690.20,169.02,1521.18,4563.54),
(273,143,112,1,408.40,0.00,408.40,408.40),
(274,144,20,2,1303.51,130.35,1173.16,2346.32),
(275,144,103,1,6690.39,669.04,6021.35,6021.35),
(276,144,79,4,1313.46,0.00,1313.46,5253.84),
(277,144,57,2,22489.03,5622.26,16866.77,33733.54),
(278,145,48,1,8577.50,0.00,8577.50,8577.50),
(279,145,85,1,56703.11,11340.62,45362.49,45362.49),
(280,146,48,1,8577.50,428.88,8148.62,8148.62),
(281,147,70,1,554.39,0.00,554.39,554.39),
(282,148,108,1,1699.42,0.00,1699.42,1699.42),
(283,149,83,1,2413.63,0.00,2413.63,2413.63),
(284,149,28,2,971.66,145.75,825.91,1651.82),
(285,150,23,1,311.12,46.67,264.45,264.45),
(286,150,12,3,303.09,30.31,272.78,818.34),
(287,151,65,1,4654.17,698.13,3956.04,3956.04),
(288,151,95,4,1132.96,169.94,963.02,3852.08),
(289,152,47,1,736.14,36.81,699.33,699.33),
(290,152,117,1,1030.07,206.01,824.06,824.06),
(291,152,120,2,1229.96,61.50,1168.46,2336.92),
(292,153,53,3,905.75,90.58,815.17,2445.51),
(293,153,20,3,1303.51,195.53,1107.98,3323.94),
(294,154,120,1,1229.96,0.00,1229.96,1229.96),
(295,154,49,1,2666.04,399.91,2266.13,2266.13),
(296,155,110,2,2967.10,296.71,2670.39,5340.78),
(297,155,61,1,1728.75,0.00,1728.75,1728.75),
(298,156,36,3,4902.59,0.00,4902.59,14707.77),
(299,156,90,1,1787.70,0.00,1787.70,1787.70),
(300,157,101,1,2856.53,285.65,2570.88,2570.88),
(301,158,92,1,8320.93,2080.23,6240.70,6240.70),
(302,158,64,2,6855.58,0.00,6855.58,13711.16),
(303,159,77,3,966.26,0.00,966.26,2898.78),
(304,160,84,1,4592.01,0.00,4592.01,4592.01),
(305,160,68,1,2683.34,0.00,2683.34,2683.34),
(306,161,66,2,2892.54,0.00,2892.54,5785.08),
(307,161,64,3,6855.58,0.00,6855.58,20566.74),
(308,162,16,3,225.65,45.13,180.52,541.56),
(309,163,8,1,323.80,48.57,275.23,275.23),
(310,163,67,1,3972.77,993.19,2979.58,2979.58),
(311,164,107,4,3854.83,385.48,3469.35,13877.40),
(312,165,31,2,716.77,0.00,716.77,1433.54),
(313,165,95,1,1132.96,113.30,1019.66,1019.66),
(314,166,72,3,2629.90,394.48,2235.42,6706.26),
(315,166,64,1,6855.58,0.00,6855.58,6855.58),
(316,167,22,1,6834.89,1025.23,5809.66,5809.66),
(317,167,86,2,1778.58,355.72,1422.86,2845.72),
(318,168,67,1,3972.77,0.00,3972.77,3972.77),
(319,168,86,1,1778.58,0.00,1778.58,1778.58),
(320,169,90,2,1787.70,89.38,1698.32,3396.64),
(321,169,71,2,3642.84,364.28,3278.56,6557.12),
(322,170,54,2,1855.67,92.78,1762.89,3525.78),
(323,171,117,1,1030.07,154.51,875.56,875.56),
(324,171,24,1,231.07,11.55,219.52,219.52),
(325,171,22,1,6834.89,683.49,6151.40,6151.40),
(326,172,84,2,4592.01,0.00,4592.01,9184.02),
(327,172,68,2,2683.34,0.00,2683.34,5366.68),
(328,172,114,3,1416.50,0.00,1416.50,4249.50),
(329,173,106,3,4157.50,623.62,3533.88,10601.64),
(330,173,64,1,6855.58,0.00,6855.58,6855.58),
(331,173,6,1,5977.15,0.00,5977.15,5977.15),
(332,174,66,2,2892.54,144.63,2747.91,5495.82),
(333,174,6,1,5977.15,0.00,5977.15,5977.15),
(334,175,93,1,433.34,21.67,411.67,411.67),
(335,176,11,1,2389.60,0.00,2389.60,2389.60),
(336,176,36,1,4902.59,0.00,4902.59,4902.59),
(337,177,87,2,108.33,10.83,97.50,195.00),
(338,177,14,3,1431.35,0.00,1431.35,4294.05),
(339,177,92,1,8320.93,832.09,7488.84,7488.84),
(340,178,82,4,1847.34,0.00,1847.34,7389.36),
(341,179,66,1,2892.54,144.63,2747.91,2747.91),
(342,179,98,2,1478.93,295.79,1183.14,2366.28),
(343,179,6,2,5977.15,0.00,5977.15,11954.30),
(344,179,37,1,1798.18,0.00,1798.18,1798.18),
(345,180,37,4,1798.18,179.82,1618.36,6473.44),
(346,181,30,1,11217.17,0.00,11217.17,11217.17),
(347,181,20,1,1303.51,0.00,1303.51,1303.51),
(348,182,91,2,5992.04,0.00,5992.04,11984.08),
(349,182,100,1,922.99,92.30,830.69,830.69),
(350,183,72,1,2629.90,0.00,2629.90,2629.90),
(351,183,71,2,3642.84,0.00,3642.84,7285.68),
(352,184,84,1,4592.01,0.00,4592.01,4592.01),
(353,185,85,1,56703.11,0.00,56703.11,56703.11),
(354,186,55,1,4731.36,0.00,4731.36,4731.36),
(355,186,76,2,50336.58,0.00,50336.58,100673.16),
(356,187,47,2,736.14,147.23,588.91,1177.82),
(357,188,78,2,302.45,0.00,302.45,604.90),
(358,188,35,3,766.62,0.00,766.62,2299.86),
(359,189,30,3,11217.17,0.00,11217.17,33651.51),
(360,190,15,1,7739.41,0.00,7739.41,7739.41),
(361,190,27,1,2541.06,508.21,2032.85,2032.85),
(362,191,8,2,323.80,0.00,323.80,647.60),
(363,192,73,1,395.19,0.00,395.19,395.19),
(364,192,45,1,18348.63,0.00,18348.63,18348.63),
(365,193,42,2,4495.52,0.00,4495.52,8991.04),
(366,193,62,2,2980.94,596.19,2384.75,4769.50),
(367,194,115,2,453.98,68.10,385.88,771.76),
(368,194,120,2,1229.96,0.00,1229.96,2459.92),
(369,194,7,1,7796.48,0.00,7796.48,7796.48),
(370,195,120,3,1229.96,0.00,1229.96,3689.88),
(371,195,89,2,58400.68,5840.07,52560.61,105121.22),
(372,195,104,1,3496.42,0.00,3496.42,3496.42),
(373,196,37,1,1798.18,359.64,1438.54,1438.54),
(374,196,35,1,766.62,38.33,728.29,728.29),
(375,197,27,1,2541.06,0.00,2541.06,2541.06),
(376,198,24,1,231.07,23.11,207.96,207.96),
(377,198,56,4,817.95,0.00,817.95,3271.80),
(378,198,87,1,108.33,10.83,97.50,97.50),
(379,199,96,2,1778.80,0.00,1778.80,3557.60),
(380,200,41,2,35219.60,5282.94,29936.66,59873.32),
(381,200,34,2,6668.72,0.00,6668.72,13337.44),
(382,201,60,1,2322.92,580.73,1742.19,1742.19),
(383,201,35,1,766.62,0.00,766.62,766.62),
(384,202,11,2,2389.60,119.48,2270.12,4540.24),
(385,202,44,1,7064.89,0.00,7064.89,7064.89),
(386,203,104,4,3496.42,0.00,3496.42,13985.68),
(387,204,39,2,1833.46,0.00,1833.46,3666.92),
(388,204,21,1,1911.72,0.00,1911.72,1911.72),
(389,205,120,4,1229.96,0.00,1229.96,4919.84),
(390,205,48,1,8577.50,0.00,8577.50,8577.50),
(391,206,15,1,7739.41,0.00,7739.41,7739.41),
(392,206,91,3,5992.04,299.60,5692.44,17077.32),
(393,206,69,1,162.04,16.20,145.84,145.84),
(394,207,93,1,433.34,21.67,411.67,411.67),
(395,207,119,1,1183.09,0.00,1183.09,1183.09),
(396,208,102,4,76.47,0.00,76.47,305.88),
(397,208,32,2,204.94,10.25,194.69,389.38),
(398,208,100,1,922.99,92.30,830.69,830.69),
(399,209,67,1,3972.77,595.92,3376.85,3376.85),
(400,210,76,3,50336.58,0.00,50336.58,151009.74),
(401,210,16,1,225.65,0.00,225.65,225.65),
(402,210,38,1,4001.47,600.22,3401.25,3401.25),
(403,211,101,4,2856.53,0.00,2856.53,11426.12),
(404,212,109,2,21330.35,1066.52,20263.83,40527.66),
(405,213,100,2,922.99,0.00,922.99,1845.98),
(406,214,94,1,1909.64,381.93,1527.71,1527.71),
(407,214,30,1,11217.17,0.00,11217.17,11217.17),
(408,214,87,2,108.33,0.00,108.33,216.66),
(409,215,111,1,966.68,0.00,966.68,966.68),
(410,216,11,2,2389.60,119.48,2270.12,4540.24),
(411,216,107,1,3854.83,963.71,2891.12,2891.12),
(412,217,76,1,50336.58,7550.49,42786.09,42786.09),
(413,217,5,2,1339.42,0.00,1339.42,2678.84),
(414,218,73,2,395.19,39.52,355.67,711.34),
(415,218,110,2,2967.10,296.71,2670.39,5340.78),
(416,218,65,3,4654.17,0.00,4654.17,13962.51),
(417,219,89,2,58400.68,0.00,58400.68,116801.36),
(418,219,102,1,76.47,0.00,76.47,76.47),
(419,220,4,1,906.86,90.69,816.17,816.17),
(420,220,19,3,39864.36,0.00,39864.36,119593.08),
(421,221,20,1,1303.51,0.00,1303.51,1303.51),
(422,221,60,3,2322.92,0.00,2322.92,6968.76),
(423,221,111,1,966.68,48.33,918.35,918.35),
(424,222,39,2,1833.46,0.00,1833.46,3666.92),
(425,223,69,3,162.04,16.20,145.84,437.52),
(426,223,27,3,2541.06,0.00,2541.06,7623.18),
(427,223,81,1,404.29,40.43,363.86,363.86),
(428,223,109,2,21330.35,1066.52,20263.83,40527.66),
(429,224,29,3,1499.87,299.97,1199.90,3599.70),
(430,224,39,1,1833.46,91.67,1741.79,1741.79),
(431,224,103,1,6690.39,669.04,6021.35,6021.35),
(432,225,49,1,2666.04,0.00,2666.04,2666.04),
(433,225,65,2,4654.17,0.00,4654.17,9308.34),
(434,225,85,1,56703.11,14175.78,42527.33,42527.33),
(435,226,57,2,22489.03,0.00,22489.03,44978.06),
(436,227,33,2,840.49,0.00,840.49,1680.98),
(437,227,7,1,7796.48,0.00,7796.48,7796.48),
(438,228,4,2,906.86,90.69,816.17,1632.34),
(439,228,118,1,1201.49,0.00,1201.49,1201.49),
(440,229,49,1,2666.04,0.00,2666.04,2666.04),
(441,229,103,2,6690.39,0.00,6690.39,13380.78),
(442,229,93,2,433.34,0.00,433.34,866.68),
(443,230,16,1,225.65,22.56,203.09,203.09),
(444,230,112,1,408.40,40.84,367.56,367.56),
(445,231,75,1,2341.28,0.00,2341.28,2341.28),
(446,231,88,1,54296.90,0.00,54296.90,54296.90),
(447,232,63,1,7768.92,0.00,7768.92,7768.92),
(448,233,42,1,4495.52,224.78,4270.74,4270.74),
(449,233,96,1,1778.80,0.00,1778.80,1778.80),
(450,233,21,1,1911.72,286.76,1624.96,1624.96),
(451,233,18,1,24603.63,1230.18,23373.45,23373.45),
(452,234,92,1,8320.93,832.09,7488.84,7488.84),
(453,234,49,2,2666.04,0.00,2666.04,5332.08),
(454,234,84,1,4592.01,918.40,3673.61,3673.61),
(455,235,115,1,453.98,0.00,453.98,453.98),
(456,235,93,1,433.34,0.00,433.34,433.34),
(457,236,98,1,1478.93,0.00,1478.93,1478.93),
(458,237,88,2,54296.90,0.00,54296.90,108593.80),
(459,237,88,1,54296.90,5429.69,48867.21,48867.21),
(460,238,17,1,1028.38,102.84,925.54,925.54),
(461,238,18,1,24603.63,0.00,24603.63,24603.63),
(462,239,89,1,58400.68,5840.07,52560.61,52560.61),
(463,239,52,1,246.64,0.00,246.64,246.64),
(464,240,70,2,554.39,0.00,554.39,1108.78),
(465,240,62,1,2980.94,0.00,2980.94,2980.94),
(466,240,119,2,1183.09,0.00,1183.09,2366.18),
(467,240,87,2,108.33,0.00,108.33,216.66),
(468,241,71,1,3642.84,0.00,3642.84,3642.84),
(469,241,38,1,4001.47,0.00,4001.47,4001.47),
(470,241,82,1,1847.34,0.00,1847.34,1847.34),
(471,242,89,3,58400.68,11680.14,46720.54,140161.62),
(472,242,30,2,11217.17,0.00,11217.17,22434.34),
(473,243,63,2,7768.92,0.00,7768.92,15537.84),
(474,243,41,3,35219.60,3521.96,31697.64,95092.92),
(475,243,68,1,2683.34,0.00,2683.34,2683.34),
(476,244,73,2,395.19,0.00,395.19,790.38),
(477,245,32,1,204.94,10.25,194.69,194.69),
(478,245,15,3,7739.41,1547.88,6191.53,18574.59),
(479,246,49,2,2666.04,0.00,2666.04,5332.08),
(480,246,75,1,2341.28,468.26,1873.02,1873.02),
(481,246,115,2,453.98,45.40,408.58,817.16),
(482,247,89,4,58400.68,0.00,58400.68,233602.72),
(483,248,107,1,3854.83,0.00,3854.83,3854.83),
(484,248,24,2,231.07,34.66,196.41,392.82),
(485,249,103,1,6690.39,1338.08,5352.31,5352.31),
(486,250,24,1,231.07,23.11,207.96,207.96),
(487,251,41,2,35219.60,0.00,35219.60,70439.20),
(488,252,35,3,766.62,114.99,651.63,1954.89),
(489,253,105,1,4254.44,1063.61,3190.83,3190.83),
(490,254,11,3,2389.60,0.00,2389.60,7168.80),
(491,254,6,1,5977.15,597.72,5379.43,5379.43),
(492,255,66,1,2892.54,0.00,2892.54,2892.54),
(493,255,16,1,225.65,11.28,214.37,214.37),
(494,255,66,1,2892.54,0.00,2892.54,2892.54),
(495,256,10,1,834.50,0.00,834.50,834.50),
(496,256,97,2,2824.94,141.25,2683.69,5367.38),
(497,257,10,1,834.50,166.90,667.60,667.60),
(498,258,69,1,162.04,0.00,162.04,162.04),
(499,258,63,3,7768.92,0.00,7768.92,23306.76),
(500,259,43,4,365.34,73.07,292.27,1169.08),
(501,259,39,1,1833.46,0.00,1833.46,1833.46),
(502,260,23,2,311.12,0.00,311.12,622.24),
(503,261,107,1,3854.83,0.00,3854.83,3854.83),
(504,261,77,4,966.26,0.00,966.26,3865.04),
(505,262,51,1,8056.62,805.66,7250.96,7250.96),
(506,262,54,1,1855.67,0.00,1855.67,1855.67),
(507,263,69,2,162.04,0.00,162.04,324.08),
(508,263,72,4,2629.90,0.00,2629.90,10519.60),
(509,264,48,1,8577.50,1286.62,7290.88,7290.88),
(510,264,77,2,966.26,96.63,869.63,1739.26),
(511,264,5,1,1339.42,66.97,1272.45,1272.45),
(512,264,55,1,4731.36,709.70,4021.66,4021.66),
(513,265,77,2,966.26,96.63,869.63,1739.26),
(514,265,26,1,1980.01,198.00,1782.01,1782.01),
(515,266,29,1,1499.87,0.00,1499.87,1499.87),
(516,266,96,2,1778.80,266.82,1511.98,3023.96),
(517,266,16,1,225.65,22.56,203.09,203.09),
(518,267,11,1,2389.60,119.48,2270.12,2270.12),
(519,267,102,2,76.47,7.65,68.82,137.64),
(520,268,7,3,7796.48,779.65,7016.83,21050.49),
(521,268,88,3,54296.90,0.00,54296.90,162890.70),
(522,268,109,1,21330.35,0.00,21330.35,21330.35),
(523,269,6,1,5977.15,896.57,5080.58,5080.58),
(524,269,118,2,1201.49,300.37,901.12,1802.24),
(525,270,17,4,1028.38,0.00,1028.38,4113.52),
(526,270,28,2,971.66,0.00,971.66,1943.32),
(527,271,120,1,1229.96,184.49,1045.47,1045.47),
(528,272,38,3,4001.47,0.00,4001.47,12004.41),
(529,272,107,1,3854.83,0.00,3854.83,3854.83),
(530,273,30,3,11217.17,0.00,11217.17,33651.51),
(531,273,35,1,766.62,0.00,766.62,766.62),
(532,273,20,1,1303.51,65.18,1238.33,1238.33),
(533,273,36,1,4902.59,0.00,4902.59,4902.59),
(534,274,119,3,1183.09,59.15,1123.94,3371.82),
(535,274,89,1,58400.68,0.00,58400.68,58400.68),
(536,275,28,2,971.66,97.17,874.49,1748.98),
(537,275,23,2,311.12,0.00,311.12,622.24),
(538,276,58,1,5479.04,547.90,4931.14,4931.14),
(539,276,96,1,1778.80,0.00,1778.80,1778.80),
(540,277,37,2,1798.18,0.00,1798.18,3596.36),
(541,277,33,1,840.49,84.05,756.44,756.44),
(542,277,68,1,2683.34,670.84,2012.50,2012.50),
(543,277,50,1,1690.20,0.00,1690.20,1690.20),
(544,278,7,1,7796.48,389.82,7406.66,7406.66),
(545,278,46,1,1096.16,54.81,1041.35,1041.35),
(546,279,91,1,5992.04,898.81,5093.23,5093.23),
(547,279,13,1,4779.23,0.00,4779.23,4779.23),
(548,280,56,1,817.95,122.69,695.26,695.26),
(549,280,75,1,2341.28,0.00,2341.28,2341.28),
(550,281,80,1,2283.30,342.50,1940.80,1940.80),
(551,282,44,1,7064.89,0.00,7064.89,7064.89),
(552,282,95,1,1132.96,0.00,1132.96,1132.96),
(553,283,25,2,51752.20,0.00,51752.20,103504.40),
(554,283,26,1,1980.01,198.00,1782.01,1782.01),
(555,284,119,2,1183.09,59.15,1123.94,2247.88),
(556,285,94,2,1909.64,0.00,1909.64,3819.28),
(557,286,44,4,7064.89,1059.73,6005.16,24020.64),
(558,287,64,1,6855.58,1713.90,5141.68,5141.68),
(559,287,9,1,2186.91,109.35,2077.56,2077.56),
(560,288,36,1,4902.59,490.26,4412.33,4412.33),
(561,289,111,4,966.68,0.00,966.68,3866.72),
(562,290,19,2,39864.36,1993.22,37871.14,75742.28),
(563,291,35,1,766.62,38.33,728.29,728.29),
(564,292,77,2,966.26,144.94,821.32,1642.64),
(565,292,26,1,1980.01,0.00,1980.01,1980.01),
(566,292,48,1,8577.50,857.75,7719.75,7719.75),
(567,292,32,1,204.94,40.99,163.95,163.95),
(568,293,42,2,4495.52,674.33,3821.19,7642.38),
(569,294,110,1,2967.10,0.00,2967.10,2967.10),
(570,294,105,3,4254.44,0.00,4254.44,12763.32),
(571,294,79,2,1313.46,328.36,985.10,1970.20),
(572,295,38,4,4001.47,400.15,3601.32,14405.28),
(573,295,74,3,855.32,171.06,684.26,2052.78),
(574,296,67,1,3972.77,198.64,3774.13,3774.13),
(575,297,5,1,1339.42,200.91,1138.51,1138.51),
(576,297,99,2,991.34,99.13,892.21,1784.42),
(577,298,35,1,766.62,0.00,766.62,766.62),
(578,298,97,1,2824.94,0.00,2824.94,2824.94),
(579,298,87,3,108.33,0.00,108.33,324.99),
(580,299,108,1,1699.42,84.97,1614.45,1614.45),
(581,299,79,3,1313.46,197.02,1116.44,3349.32),
(582,300,58,2,5479.04,0.00,5479.04,10958.08),
(583,300,103,1,6690.39,669.04,6021.35,6021.35),
(584,301,60,2,2322.92,232.29,2090.63,4181.26),
(585,301,22,3,6834.89,0.00,6834.89,20504.67),
(586,301,9,1,2186.91,0.00,2186.91,2186.91),
(587,301,119,2,1183.09,0.00,1183.09,2366.18),
(588,302,40,2,2184.73,109.24,2075.49,4150.98),
(589,302,103,1,6690.39,0.00,6690.39,6690.39),
(590,303,28,1,971.66,97.17,874.49,874.49),
(591,303,38,1,4001.47,0.00,4001.47,4001.47),
(592,303,101,1,2856.53,142.83,2713.70,2713.70),
(593,303,67,1,3972.77,0.00,3972.77,3972.77),
(594,304,119,1,1183.09,0.00,1183.09,1183.09),
(595,304,72,1,2629.90,262.99,2366.91,2366.91),
(596,305,87,2,108.33,10.83,97.50,195.00),
(597,306,48,1,8577.50,1286.62,7290.88,7290.88),
(598,306,3,2,1710.85,85.54,1625.31,3250.62),
(599,307,78,1,302.45,0.00,302.45,302.45),
(600,308,115,1,453.98,0.00,453.98,453.98),
(601,309,25,3,51752.20,12938.05,38814.15,116442.45),
(602,310,23,1,311.12,0.00,311.12,311.12),
(603,310,115,1,453.98,0.00,453.98,453.98),
(604,311,4,1,906.86,0.00,906.86,906.86),
(605,311,93,1,433.34,0.00,433.34,433.34),
(606,312,50,3,1690.20,84.51,1605.69,4817.07),
(607,313,80,1,2283.30,0.00,2283.30,2283.30),
(608,313,49,2,2666.04,0.00,2666.04,5332.08),
(609,314,24,2,231.07,0.00,231.07,462.14),
(610,314,8,1,323.80,0.00,323.80,323.80),
(611,314,9,1,2186.91,0.00,2186.91,2186.91),
(612,315,71,2,3642.84,0.00,3642.84,7285.68),
(613,315,72,2,2629.90,394.48,2235.42,4470.84),
(614,316,104,1,3496.42,349.64,3146.78,3146.78),
(615,317,114,1,1416.50,212.48,1204.02,1204.02),
(616,317,70,1,554.39,55.44,498.95,498.95),
(617,318,43,1,365.34,54.80,310.54,310.54),
(618,318,116,1,319.66,15.98,303.68,303.68),
(619,319,97,1,2824.94,423.74,2401.20,2401.20),
(620,319,12,2,303.09,60.62,242.47,484.94),
(621,320,54,2,1855.67,0.00,1855.67,3711.34),
(622,320,70,1,554.39,0.00,554.39,554.39),
(623,321,63,1,7768.92,388.45,7380.47,7380.47),
(624,321,112,1,408.40,0.00,408.40,408.40),
(625,322,91,1,5992.04,0.00,5992.04,5992.04),
(626,322,89,3,58400.68,0.00,58400.68,175202.04),
(627,323,107,1,3854.83,0.00,3854.83,3854.83),
(628,323,37,2,1798.18,0.00,1798.18,3596.36),
(629,324,29,1,1499.87,74.99,1424.88,1424.88),
(630,324,104,2,3496.42,0.00,3496.42,6992.84),
(631,325,37,2,1798.18,0.00,1798.18,3596.36),
(632,326,96,1,1778.80,444.70,1334.10,1334.10),
(633,326,88,2,54296.90,5429.69,48867.21,97734.42),
(634,327,93,1,433.34,65.00,368.34,368.34),
(635,328,72,2,2629.90,394.48,2235.42,4470.84),
(636,328,108,1,1699.42,169.94,1529.48,1529.48),
(637,329,3,3,1710.85,171.08,1539.77,4619.31),
(638,330,116,1,319.66,0.00,319.66,319.66),
(639,330,11,1,2389.60,0.00,2389.60,2389.60),
(640,330,114,1,1416.50,70.82,1345.68,1345.68),
(641,331,45,2,18348.63,2752.29,15596.34,31192.68),
(642,331,43,3,365.34,0.00,365.34,1096.02),
(643,331,106,2,4157.50,831.50,3326.00,6652.00),
(644,332,5,1,1339.42,0.00,1339.42,1339.42),
(645,333,112,1,408.40,20.42,387.98,387.98),
(646,333,89,3,58400.68,0.00,58400.68,175202.04),
(647,334,91,2,5992.04,299.60,5692.44,11384.88),
(648,334,6,1,5977.15,298.86,5678.29,5678.29),
(649,335,76,1,50336.58,10067.32,40269.26,40269.26),
(650,335,44,1,7064.89,0.00,7064.89,7064.89),
(651,336,22,1,6834.89,0.00,6834.89,6834.89),
(652,336,61,2,1728.75,86.44,1642.31,3284.62),
(653,337,84,1,4592.01,0.00,4592.01,4592.01),
(654,338,35,1,766.62,76.66,689.96,689.96),
(655,338,52,2,246.64,49.33,197.31,394.62),
(656,339,36,1,4902.59,245.13,4657.46,4657.46),
(657,340,35,2,766.62,0.00,766.62,1533.24),
(658,341,66,1,2892.54,0.00,2892.54,2892.54),
(659,341,33,1,840.49,0.00,840.49,840.49),
(660,341,70,2,554.39,0.00,554.39,1108.78),
(661,342,63,2,7768.92,1553.78,6215.14,12430.28),
(662,342,3,1,1710.85,342.17,1368.68,1368.68),
(663,343,100,1,922.99,138.45,784.54,784.54),
(664,343,20,1,1303.51,0.00,1303.51,1303.51),
(665,344,5,1,1339.42,66.97,1272.45,1272.45),
(666,344,7,1,7796.48,0.00,7796.48,7796.48),
(667,345,32,1,204.94,20.49,184.45,184.45),
(668,346,1,1,1943.24,0.00,1943.24,1943.24),
(669,346,78,1,302.45,0.00,302.45,302.45),
(670,346,90,2,1787.70,89.38,1698.32,3396.64),
(671,347,56,1,817.95,0.00,817.95,817.95),
(672,348,62,3,2980.94,0.00,2980.94,8942.82),
(673,348,18,3,24603.63,6150.91,18452.72,55358.16),
(674,348,4,1,906.86,45.34,861.52,861.52),
(675,349,69,2,162.04,0.00,162.04,324.08),
(676,349,99,1,991.34,198.27,793.07,793.07),
(677,349,5,2,1339.42,0.00,1339.42,2678.84),
(678,350,20,1,1303.51,0.00,1303.51,1303.51),
(679,350,76,1,50336.58,7550.49,42786.09,42786.09),
(680,350,42,4,4495.52,899.10,3596.42,14385.68),
(681,350,94,1,1909.64,190.96,1718.68,1718.68),
(682,351,44,1,7064.89,0.00,7064.89,7064.89),
(683,352,97,1,2824.94,0.00,2824.94,2824.94),
(684,352,40,1,2184.73,0.00,2184.73,2184.73),
(685,353,67,2,3972.77,595.92,3376.85,6753.70),
(686,354,62,1,2980.94,0.00,2980.94,2980.94),
(687,354,58,1,5479.04,547.90,4931.14,4931.14),
(688,355,10,2,834.50,41.72,792.78,1585.56),
(689,356,53,1,905.75,0.00,905.75,905.75),
(690,357,118,2,1201.49,0.00,1201.49,2402.98),
(691,358,31,2,716.77,71.68,645.09,1290.18),
(692,358,88,1,54296.90,0.00,54296.90,54296.90),
(693,358,97,1,2824.94,141.25,2683.69,2683.69),
(694,359,16,1,225.65,33.85,191.80,191.80),
(695,360,58,2,5479.04,273.95,5205.09,10410.18),
(696,360,8,1,323.80,0.00,323.80,323.80),
(697,361,14,1,1431.35,143.14,1288.21,1288.21),
(698,361,77,3,966.26,0.00,966.26,2898.78),
(699,362,115,1,453.98,68.10,385.88,385.88),
(700,362,59,3,80.34,0.00,80.34,241.02),
(701,363,115,1,453.98,0.00,453.98,453.98),
(702,363,45,3,18348.63,917.43,17431.20,52293.60),
(703,364,42,1,4495.52,0.00,4495.52,4495.52),
(704,365,71,1,3642.84,0.00,3642.84,3642.84),
(705,366,17,4,1028.38,154.26,874.12,3496.48),
(706,367,97,1,2824.94,0.00,2824.94,2824.94),
(707,367,7,3,7796.48,389.82,7406.66,22219.98),
(708,368,114,1,1416.50,0.00,1416.50,1416.50),
(709,368,51,1,8056.62,0.00,8056.62,8056.62),
(710,369,55,3,4731.36,0.00,4731.36,14194.08),
(711,370,10,4,834.50,125.18,709.32,2837.28),
(712,370,1,1,1943.24,0.00,1943.24,1943.24),
(713,370,106,3,4157.50,0.00,4157.50,12472.50),
(714,371,36,2,4902.59,0.00,4902.59,9805.18),
(715,371,72,2,2629.90,262.99,2366.91,4733.82),
(716,372,117,1,1030.07,103.01,927.06,927.06),
(717,372,104,3,3496.42,524.46,2971.96,8915.88),
(718,372,46,1,1096.16,164.42,931.74,931.74),
(719,372,93,4,433.34,0.00,433.34,1733.36),
(720,373,1,1,1943.24,291.49,1651.75,1651.75),
(721,373,40,2,2184.73,0.00,2184.73,4369.46),
(722,374,11,1,2389.60,0.00,2389.60,2389.60),
(723,374,94,1,1909.64,0.00,1909.64,1909.64),
(724,375,32,2,204.94,20.49,184.45,368.90),
(725,375,111,1,966.68,0.00,966.68,966.68),
(726,376,100,1,922.99,184.60,738.39,738.39),
(727,376,7,1,7796.48,389.82,7406.66,7406.66),
(728,377,89,1,58400.68,0.00,58400.68,58400.68),
(729,377,42,1,4495.52,224.78,4270.74,4270.74),
(730,377,53,3,905.75,45.29,860.46,2581.38),
(731,377,26,1,1980.01,0.00,1980.01,1980.01),
(732,378,113,3,1049.76,104.98,944.78,2834.34),
(733,379,109,3,21330.35,1066.52,20263.83,60791.49),
(734,380,109,2,21330.35,1066.52,20263.83,40527.66),
(735,380,37,1,1798.18,179.82,1618.36,1618.36),
(736,381,104,3,3496.42,524.46,2971.96,8915.88),
(737,381,117,1,1030.07,51.50,978.57,978.57),
(738,381,109,4,21330.35,1066.52,20263.83,81055.32),
(739,381,90,1,1787.70,0.00,1787.70,1787.70),
(740,382,119,1,1183.09,59.15,1123.94,1123.94),
(741,382,14,3,1431.35,214.70,1216.65,3649.95),
(742,382,120,3,1229.96,61.50,1168.46,3505.38),
(743,383,35,2,766.62,153.32,613.30,1226.60),
(744,383,6,1,5977.15,298.86,5678.29,5678.29),
(745,384,14,2,1431.35,214.70,1216.65,2433.30),
(746,384,63,2,7768.92,776.89,6992.03,13984.06),
(747,385,90,1,1787.70,178.77,1608.93,1608.93),
(748,385,57,1,22489.03,1124.45,21364.58,21364.58),
(749,386,13,1,4779.23,0.00,4779.23,4779.23),
(750,387,61,1,1728.75,0.00,1728.75,1728.75),
(751,388,7,1,7796.48,0.00,7796.48,7796.48),
(752,388,45,1,18348.63,0.00,18348.63,18348.63),
(753,389,6,1,5977.15,0.00,5977.15,5977.15),
(754,390,46,1,1096.16,0.00,1096.16,1096.16),
(755,390,116,1,319.66,31.97,287.69,287.69),
(756,391,55,1,4731.36,0.00,4731.36,4731.36),
(757,392,7,2,7796.48,1169.47,6627.01,13254.02),
(758,392,46,2,1096.16,54.81,1041.35,2082.70),
(759,392,57,2,22489.03,1124.45,21364.58,42729.16),
(760,393,41,2,35219.60,7043.92,28175.68,56351.36),
(761,393,2,1,2499.63,249.96,2249.67,2249.67),
(762,394,101,1,2856.53,285.65,2570.88,2570.88),
(763,394,105,4,4254.44,212.72,4041.72,16166.88),
(764,394,69,1,162.04,0.00,162.04,162.04),
(765,395,114,3,1416.50,283.30,1133.20,3399.60),
(766,395,86,1,1778.58,0.00,1778.58,1778.58),
(767,396,60,1,2322.92,464.58,1858.34,1858.34),
(768,397,80,1,2283.30,342.50,1940.80,1940.80),
(769,398,117,1,1030.07,0.00,1030.07,1030.07),
(770,399,7,1,7796.48,389.82,7406.66,7406.66),
(771,399,53,2,905.75,0.00,905.75,1811.50),
(772,400,66,2,2892.54,0.00,2892.54,5785.08),
(773,401,119,1,1183.09,0.00,1183.09,1183.09),
(774,401,44,1,7064.89,0.00,7064.89,7064.89),
(775,401,21,3,1911.72,191.17,1720.55,5161.65),
(776,402,39,1,1833.46,0.00,1833.46,1833.46),
(777,402,13,2,4779.23,0.00,4779.23,9558.46),
(778,403,13,1,4779.23,0.00,4779.23,4779.23),
(779,403,44,1,7064.89,353.24,6711.65,6711.65),
(780,403,32,1,204.94,30.74,174.20,174.20),
(781,403,68,1,2683.34,0.00,2683.34,2683.34),
(782,404,41,2,35219.60,3521.96,31697.64,63395.28),
(783,404,58,1,5479.04,273.95,5205.09,5205.09),
(784,405,61,1,1728.75,0.00,1728.75,1728.75),
(785,405,75,1,2341.28,234.13,2107.15,2107.15),
(786,406,108,1,1699.42,0.00,1699.42,1699.42),
(787,406,26,4,1980.01,99.00,1881.01,7524.04),
(788,407,15,1,7739.41,0.00,7739.41,7739.41),
(789,408,106,2,4157.50,415.75,3741.75,7483.50),
(790,408,98,2,1478.93,0.00,1478.93,2957.86),
(791,409,76,2,50336.58,5033.66,45302.92,90605.84),
(792,410,33,2,840.49,0.00,840.49,1680.98),
(793,410,6,1,5977.15,597.72,5379.43,5379.43),
(794,410,104,1,3496.42,0.00,3496.42,3496.42),
(795,411,26,2,1980.01,0.00,1980.01,3960.02),
(796,411,114,3,1416.50,141.65,1274.85,3824.55),
(797,411,27,1,2541.06,0.00,2541.06,2541.06),
(798,411,59,3,80.34,0.00,80.34,241.02),
(799,412,103,1,6690.39,669.04,6021.35,6021.35),
(800,412,61,1,1728.75,259.31,1469.44,1469.44),
(801,412,22,1,6834.89,683.49,6151.40,6151.40),
(802,413,110,1,2967.10,445.06,2522.04,2522.04),
(803,414,9,2,2186.91,0.00,2186.91,4373.82),
(804,414,25,2,51752.20,5175.22,46576.98,93153.96),
(805,415,85,1,56703.11,11340.62,45362.49,45362.49),
(806,415,46,2,1096.16,0.00,1096.16,2192.32),
(807,415,95,1,1132.96,56.65,1076.31,1076.31),
(808,416,100,1,922.99,138.45,784.54,784.54),
(809,417,24,2,231.07,0.00,231.07,462.14),
(810,417,104,2,3496.42,0.00,3496.42,6992.84),
(811,418,111,4,966.68,145.00,821.68,3286.72),
(812,418,98,1,1478.93,0.00,1478.93,1478.93),
(813,419,39,3,1833.46,275.02,1558.44,4675.32),
(814,420,78,3,302.45,0.00,302.45,907.35),
(815,421,7,1,7796.48,0.00,7796.48,7796.48),
(816,421,103,1,6690.39,669.04,6021.35,6021.35),
(817,421,82,2,1847.34,0.00,1847.34,3694.68),
(818,421,33,3,840.49,42.02,798.47,2395.41),
(819,422,30,1,11217.17,560.86,10656.31,10656.31),
(820,422,44,1,7064.89,1059.73,6005.16,6005.16),
(821,422,67,1,3972.77,794.55,3178.22,3178.22),
(822,423,85,1,56703.11,5670.31,51032.80,51032.80),
(823,423,87,2,108.33,16.25,92.08,184.16),
(824,423,106,2,4157.50,0.00,4157.50,8315.00),
(825,424,80,1,2283.30,0.00,2283.30,2283.30),
(826,424,54,1,1855.67,0.00,1855.67,1855.67),
(827,425,23,1,311.12,15.56,295.56,295.56),
(828,426,98,2,1478.93,0.00,1478.93,2957.86),
(829,427,23,1,311.12,0.00,311.12,311.12),
(830,428,1,1,1943.24,0.00,1943.24,1943.24),
(831,428,85,1,56703.11,11340.62,45362.49,45362.49),
(832,428,43,1,365.34,54.80,310.54,310.54),
(833,429,34,1,6668.72,0.00,6668.72,6668.72),
(834,429,73,2,395.19,0.00,395.19,790.38),
(835,430,45,1,18348.63,0.00,18348.63,18348.63),
(836,431,15,2,7739.41,0.00,7739.41,15478.82),
(837,431,97,1,2824.94,564.99,2259.95,2259.95),
(838,432,57,2,22489.03,0.00,22489.03,44978.06),
(839,432,16,1,225.65,11.28,214.37,214.37),
(840,433,107,1,3854.83,578.22,3276.61,3276.61),
(841,433,17,1,1028.38,0.00,1028.38,1028.38),
(842,434,105,1,4254.44,0.00,4254.44,4254.44),
(843,435,25,1,51752.20,5175.22,46576.98,46576.98),
(844,435,53,1,905.75,181.15,724.60,724.60),
(845,435,102,2,76.47,19.12,57.35,114.70),
(846,436,17,1,1028.38,205.68,822.70,822.70),
(847,436,108,1,1699.42,84.97,1614.45,1614.45),
(848,437,115,1,453.98,0.00,453.98,453.98),
(849,437,70,2,554.39,0.00,554.39,1108.78),
(850,438,68,1,2683.34,670.84,2012.50,2012.50),
(851,439,89,1,58400.68,2920.03,55480.65,55480.65),
(852,439,48,2,8577.50,0.00,8577.50,17155.00),
(853,440,89,1,58400.68,2920.03,55480.65,55480.65),
(854,441,112,1,408.40,0.00,408.40,408.40),
(855,442,116,1,319.66,0.00,319.66,319.66),
(856,443,23,1,311.12,0.00,311.12,311.12),
(857,443,50,1,1690.20,422.55,1267.65,1267.65),
(858,443,40,1,2184.73,0.00,2184.73,2184.73),
(859,444,7,2,7796.48,1559.30,6237.18,12474.36),
(860,444,52,1,246.64,0.00,246.64,246.64),
(861,445,71,3,3642.84,546.43,3096.41,9289.23),
(862,445,72,1,2629.90,0.00,2629.90,2629.90),
(863,446,81,2,404.29,40.43,363.86,727.72),
(864,446,102,1,76.47,0.00,76.47,76.47),
(865,447,28,1,971.66,0.00,971.66,971.66),
(866,448,49,3,2666.04,0.00,2666.04,7998.12),
(867,448,42,1,4495.52,0.00,4495.52,4495.52),
(868,448,107,1,3854.83,0.00,3854.83,3854.83),
(869,449,56,3,817.95,0.00,817.95,2453.85),
(870,449,102,1,76.47,7.65,68.82,68.82),
(871,450,105,1,4254.44,0.00,4254.44,4254.44),
(872,450,90,1,1787.70,178.77,1608.93,1608.93),
(873,451,89,1,58400.68,0.00,58400.68,58400.68),
(874,452,74,1,855.32,0.00,855.32,855.32),
(875,453,39,2,1833.46,458.36,1375.10,2750.20),
(876,453,67,1,3972.77,0.00,3972.77,3972.77),
(877,453,42,2,4495.52,224.78,4270.74,8541.48),
(878,454,47,1,736.14,0.00,736.14,736.14),
(879,454,67,2,3972.77,0.00,3972.77,7945.54),
(880,455,106,1,4157.50,623.62,3533.88,3533.88),
(881,456,28,1,971.66,97.17,874.49,874.49),
(882,456,4,2,906.86,45.34,861.52,1723.04),
(883,456,99,1,991.34,198.27,793.07,793.07),
(884,456,88,1,54296.90,8144.54,46152.36,46152.36),
(885,457,103,1,6690.39,669.04,6021.35,6021.35),
(886,458,35,1,766.62,76.66,689.96,689.96),
(887,458,10,1,834.50,125.18,709.32,709.32),
(888,459,55,1,4731.36,236.57,4494.79,4494.79),
(889,460,113,1,1049.76,104.98,944.78,944.78),
(890,460,92,1,8320.93,416.05,7904.88,7904.88),
(891,461,31,1,716.77,107.52,609.25,609.25),
(892,461,118,1,1201.49,0.00,1201.49,1201.49),
(893,461,67,1,3972.77,198.64,3774.13,3774.13),
(894,462,61,2,1728.75,0.00,1728.75,3457.50),
(895,463,109,1,21330.35,0.00,21330.35,21330.35),
(896,463,49,3,2666.04,0.00,2666.04,7998.12),
(897,463,66,1,2892.54,0.00,2892.54,2892.54),
(898,464,33,1,840.49,42.02,798.47,798.47),
(899,464,61,1,1728.75,0.00,1728.75,1728.75),
(900,464,64,1,6855.58,342.78,6512.80,6512.80),
(901,464,72,1,2629.90,0.00,2629.90,2629.90),
(902,465,62,3,2980.94,149.05,2831.89,8495.67),
(903,465,92,1,8320.93,1248.14,7072.79,7072.79),
(904,466,37,2,1798.18,0.00,1798.18,3596.36),
(905,466,83,1,2413.63,0.00,2413.63,2413.63),
(906,467,79,1,1313.46,197.02,1116.44,1116.44),
(907,467,33,3,840.49,84.05,756.44,2269.32),
(908,468,46,1,1096.16,219.23,876.93,876.93),
(909,469,58,2,5479.04,1095.81,4383.23,8766.46),
(910,469,80,1,2283.30,570.83,1712.47,1712.47),
(911,470,29,1,1499.87,149.99,1349.88,1349.88),
(912,470,80,1,2283.30,456.66,1826.64,1826.64),
(913,470,64,2,6855.58,0.00,6855.58,13711.16),
(914,471,82,1,1847.34,0.00,1847.34,1847.34),
(915,471,11,2,2389.60,0.00,2389.60,4779.20),
(916,471,93,4,433.34,0.00,433.34,1733.36),
(917,472,92,2,8320.93,1664.19,6656.74,13313.48),
(918,473,89,2,58400.68,0.00,58400.68,116801.36),
(919,474,84,1,4592.01,688.80,3903.21,3903.21),
(920,474,9,1,2186.91,0.00,2186.91,2186.91),
(921,475,2,2,2499.63,0.00,2499.63,4999.26),
(922,475,35,3,766.62,0.00,766.62,2299.86),
(923,476,110,2,2967.10,445.06,2522.04,5044.08),
(924,477,87,1,108.33,0.00,108.33,108.33),
(925,477,85,3,56703.11,0.00,56703.11,170109.33),
(926,477,73,1,395.19,0.00,395.19,395.19),
(927,478,7,1,7796.48,0.00,7796.48,7796.48),
(928,479,34,1,6668.72,0.00,6668.72,6668.72),
(929,479,20,3,1303.51,0.00,1303.51,3910.53),
(930,480,24,1,231.07,23.11,207.96,207.96),
(931,480,37,1,1798.18,0.00,1798.18,1798.18),
(932,481,71,2,3642.84,0.00,3642.84,7285.68),
(933,481,38,1,4001.47,0.00,4001.47,4001.47),
(934,482,61,2,1728.75,432.19,1296.56,2593.12),
(935,482,95,1,1132.96,226.59,906.37,906.37),
(936,483,11,1,2389.60,358.44,2031.16,2031.16),
(937,483,99,3,991.34,49.57,941.77,2825.31),
(938,483,69,1,162.04,0.00,162.04,162.04),
(939,484,5,1,1339.42,0.00,1339.42,1339.42),
(940,484,66,1,2892.54,0.00,2892.54,2892.54),
(941,485,25,1,51752.20,0.00,51752.20,51752.20),
(942,485,84,1,4592.01,688.80,3903.21,3903.21),
(943,485,117,3,1030.07,0.00,1030.07,3090.21),
(944,486,44,1,7064.89,1059.73,6005.16,6005.16),
(945,486,75,1,2341.28,0.00,2341.28,2341.28),
(946,487,90,4,1787.70,268.15,1519.55,6078.20),
(947,487,20,1,1303.51,0.00,1303.51,1303.51),
(948,488,78,1,302.45,15.12,287.33,287.33),
(949,488,55,2,4731.36,0.00,4731.36,9462.72),
(950,488,3,1,1710.85,0.00,1710.85,1710.85),
(951,489,37,1,1798.18,359.64,1438.54,1438.54),
(952,489,44,1,7064.89,353.24,6711.65,6711.65),
(953,489,97,1,2824.94,141.25,2683.69,2683.69),
(954,489,105,3,4254.44,0.00,4254.44,12763.32),
(955,490,60,2,2322.92,232.29,2090.63,4181.26),
(956,490,6,1,5977.15,0.00,5977.15,5977.15),
(957,491,83,2,2413.63,0.00,2413.63,4827.26),
(958,492,64,1,6855.58,1028.34,5827.24,5827.24),
(959,492,15,3,7739.41,1547.88,6191.53,18574.59),
(960,492,117,2,1030.07,257.52,772.55,1545.10),
(961,492,64,2,6855.58,685.56,6170.02,12340.04),
(962,493,84,1,4592.01,0.00,4592.01,4592.01),
(963,493,22,1,6834.89,341.74,6493.15,6493.15),
(964,493,5,1,1339.42,200.91,1138.51,1138.51),
(965,494,92,1,8320.93,1664.19,6656.74,6656.74),
(966,494,118,1,1201.49,180.22,1021.27,1021.27),
(967,495,52,1,246.64,24.66,221.98,221.98),
(968,495,103,1,6690.39,0.00,6690.39,6690.39),
(969,495,73,1,395.19,39.52,355.67,355.67),
(970,496,44,2,7064.89,1059.73,6005.16,12010.32),
(971,497,53,2,905.75,226.44,679.31,1358.62),
(972,498,48,1,8577.50,1715.50,6862.00,6862.00),
(973,498,1,3,1943.24,0.00,1943.24,5829.72),
(974,499,69,2,162.04,0.00,162.04,324.08),
(975,500,114,2,1416.50,141.65,1274.85,2549.70),
(976,500,101,3,2856.53,285.65,2570.88,7712.64),
(977,501,64,3,6855.58,0.00,6855.58,20566.74),
(978,502,92,2,8320.93,416.05,7904.88,15809.76),
(979,502,49,2,2666.04,0.00,2666.04,5332.08),
(980,503,25,1,51752.20,5175.22,46576.98,46576.98),
(981,503,95,1,1132.96,0.00,1132.96,1132.96),
(982,504,32,1,204.94,30.74,174.20,174.20),
(983,505,96,1,1778.80,0.00,1778.80,1778.80),
(984,506,14,2,1431.35,0.00,1431.35,2862.70),
(985,506,56,1,817.95,0.00,817.95,817.95),
(986,507,9,3,2186.91,0.00,2186.91,6560.73),
(987,507,55,1,4731.36,0.00,4731.36,4731.36),
(988,508,79,2,1313.46,0.00,1313.46,2626.92),
(989,508,105,1,4254.44,0.00,4254.44,4254.44),
(990,508,80,2,2283.30,0.00,2283.30,4566.60),
(991,509,27,1,2541.06,0.00,2541.06,2541.06),
(992,509,31,1,716.77,0.00,716.77,716.77),
(993,510,51,2,8056.62,0.00,8056.62,16113.24),
(994,510,100,1,922.99,0.00,922.99,922.99),
(995,510,5,1,1339.42,0.00,1339.42,1339.42),
(996,510,35,1,766.62,38.33,728.29,728.29),
(997,511,112,1,408.40,0.00,408.40,408.40),
(998,511,99,1,991.34,99.13,892.21,892.21),
(999,511,49,1,2666.04,133.30,2532.74,2532.74),
(1000,511,98,1,1478.93,0.00,1478.93,1478.93),
(1001,512,103,3,6690.39,1338.08,5352.31,16056.93),
(1002,512,98,1,1478.93,295.79,1183.14,1183.14),
(1003,513,29,2,1499.87,224.98,1274.89,2549.78),
(1004,513,38,1,4001.47,0.00,4001.47,4001.47),
(1005,514,5,2,1339.42,200.91,1138.51,2277.02),
(1006,515,14,2,1431.35,214.70,1216.65,2433.30),
(1007,515,13,2,4779.23,0.00,4779.23,9558.46),
(1008,515,113,2,1049.76,0.00,1049.76,2099.52),
(1009,515,20,1,1303.51,0.00,1303.51,1303.51),
(1010,516,104,2,3496.42,524.46,2971.96,5943.92),
(1011,517,32,1,204.94,0.00,204.94,204.94),
(1012,517,110,1,2967.10,0.00,2967.10,2967.10),
(1013,518,64,1,6855.58,0.00,6855.58,6855.58),
(1014,518,49,1,2666.04,0.00,2666.04,2666.04),
(1015,518,1,3,1943.24,0.00,1943.24,5829.72),
(1016,519,113,2,1049.76,0.00,1049.76,2099.52),
(1017,519,7,1,7796.48,0.00,7796.48,7796.48),
(1018,520,104,2,3496.42,174.82,3321.60,6643.20),
(1019,520,55,3,4731.36,0.00,4731.36,14194.08),
(1020,521,59,4,80.34,4.02,76.32,305.28),
(1021,521,90,1,1787.70,178.77,1608.93,1608.93),
(1022,522,44,1,7064.89,0.00,7064.89,7064.89),
(1023,522,77,1,966.26,0.00,966.26,966.26),
(1024,523,45,2,18348.63,0.00,18348.63,36697.26),
(1025,523,16,1,225.65,0.00,225.65,225.65),
(1026,524,67,2,3972.77,794.55,3178.22,6356.44),
(1027,525,99,4,991.34,0.00,991.34,3965.36),
(1028,525,84,1,4592.01,229.60,4362.41,4362.41),
(1029,525,8,1,323.80,32.38,291.42,291.42),
(1030,526,96,1,1778.80,177.88,1600.92,1600.92),
(1031,526,17,1,1028.38,0.00,1028.38,1028.38),
(1032,527,12,2,303.09,0.00,303.09,606.18),
(1033,527,103,1,6690.39,669.04,6021.35,6021.35),
(1034,528,36,1,4902.59,0.00,4902.59,4902.59),
(1035,528,88,1,54296.90,10859.38,43437.52,43437.52),
(1036,528,29,3,1499.87,224.98,1274.89,3824.67),
(1037,529,97,1,2824.94,0.00,2824.94,2824.94),
(1038,530,48,1,8577.50,1286.62,7290.88,7290.88),
(1039,530,16,1,225.65,0.00,225.65,225.65),
(1040,531,120,1,1229.96,0.00,1229.96,1229.96),
(1041,531,7,1,7796.48,389.82,7406.66,7406.66),
(1042,531,30,2,11217.17,560.86,10656.31,21312.62),
(1043,531,30,1,11217.17,1682.58,9534.59,9534.59),
(1044,532,2,1,2499.63,249.96,2249.67,2249.67),
(1045,532,22,1,6834.89,0.00,6834.89,6834.89),
(1046,533,95,1,1132.96,0.00,1132.96,1132.96),
(1047,533,35,1,766.62,0.00,766.62,766.62),
(1048,534,28,2,971.66,0.00,971.66,1943.32),
(1049,535,104,2,3496.42,0.00,3496.42,6992.84),
(1050,536,75,3,2341.28,117.06,2224.22,6672.66),
(1051,537,31,4,716.77,107.52,609.25,2437.00),
(1052,537,98,1,1478.93,147.89,1331.04,1331.04),
(1053,538,110,1,2967.10,0.00,2967.10,2967.10),
(1054,538,2,1,2499.63,0.00,2499.63,2499.63),
(1055,539,105,2,4254.44,0.00,4254.44,8508.88),
(1056,539,62,1,2980.94,149.05,2831.89,2831.89),
(1057,540,116,4,319.66,0.00,319.66,1278.64),
(1058,541,106,1,4157.50,0.00,4157.50,4157.50),
(1059,541,117,1,1030.07,0.00,1030.07,1030.07),
(1060,542,2,1,2499.63,0.00,2499.63,2499.63),
(1061,543,99,1,991.34,0.00,991.34,991.34),
(1062,543,77,3,966.26,96.63,869.63,2608.89),
(1063,544,43,1,365.34,0.00,365.34,365.34),
(1064,545,59,1,80.34,8.03,72.31,72.31),
(1065,546,76,3,50336.58,0.00,50336.58,151009.74),
(1066,546,92,1,8320.93,0.00,8320.93,8320.93),
(1067,546,36,1,4902.59,0.00,4902.59,4902.59),
(1068,547,25,1,51752.20,0.00,51752.20,51752.20),
(1069,548,113,4,1049.76,52.49,997.27,3989.08),
(1070,549,106,2,4157.50,831.50,3326.00,6652.00),
(1071,549,32,3,204.94,0.00,204.94,614.82),
(1072,549,63,1,7768.92,1942.23,5826.69,5826.69),
(1073,550,113,1,1049.76,157.46,892.30,892.30),
(1074,550,111,1,966.68,48.33,918.35,918.35),
(1075,550,35,2,766.62,38.33,728.29,1456.58),
(1076,551,81,4,404.29,40.43,363.86,1455.44),
(1077,551,93,2,433.34,0.00,433.34,866.68),
(1078,552,25,2,51752.20,5175.22,46576.98,93153.96),
(1079,552,87,1,108.33,0.00,108.33,108.33),
(1080,552,96,1,1778.80,0.00,1778.80,1778.80),
(1081,552,13,2,4779.23,238.96,4540.27,9080.54),
(1082,553,73,1,395.19,19.76,375.43,375.43),
(1083,553,23,1,311.12,46.67,264.45,264.45),
(1084,554,93,2,433.34,0.00,433.34,866.68),
(1085,555,98,1,1478.93,0.00,1478.93,1478.93),
(1086,555,96,2,1778.80,0.00,1778.80,3557.60),
(1087,556,94,1,1909.64,0.00,1909.64,1909.64),
(1088,556,113,3,1049.76,104.98,944.78,2834.34),
(1089,557,33,1,840.49,0.00,840.49,840.49),
(1090,557,51,4,8056.62,805.66,7250.96,29003.84),
(1091,558,34,1,6668.72,0.00,6668.72,6668.72),
(1092,559,45,1,18348.63,0.00,18348.63,18348.63),
(1093,559,17,2,1028.38,102.84,925.54,1851.08),
(1094,560,78,1,302.45,60.49,241.96,241.96),
(1095,560,85,2,56703.11,0.00,56703.11,113406.22),
(1096,560,27,1,2541.06,0.00,2541.06,2541.06),
(1097,561,4,3,906.86,226.72,680.14,2040.42),
(1098,561,119,2,1183.09,59.15,1123.94,2247.88),
(1099,562,22,1,6834.89,1025.23,5809.66,5809.66),
(1100,563,5,1,1339.42,0.00,1339.42,1339.42),
(1101,564,39,2,1833.46,0.00,1833.46,3666.92),
(1102,565,75,2,2341.28,234.13,2107.15,4214.30),
(1103,566,116,2,319.66,0.00,319.66,639.32),
(1104,567,90,1,1787.70,0.00,1787.70,1787.70),
(1105,567,81,1,404.29,0.00,404.29,404.29),
(1106,568,109,1,21330.35,4266.07,17064.28,17064.28),
(1107,568,87,3,108.33,0.00,108.33,324.99),
(1108,569,71,1,3642.84,0.00,3642.84,3642.84),
(1109,570,55,1,4731.36,0.00,4731.36,4731.36),
(1110,570,35,1,766.62,0.00,766.62,766.62),
(1111,571,93,1,433.34,43.33,390.01,390.01),
(1112,571,80,1,2283.30,342.50,1940.80,1940.80),
(1113,572,60,1,2322.92,580.73,1742.19,1742.19),
(1114,572,110,3,2967.10,741.78,2225.32,6675.96),
(1115,572,34,1,6668.72,1000.31,5668.41,5668.41),
(1116,572,25,1,51752.20,5175.22,46576.98,46576.98),
(1117,573,58,1,5479.04,0.00,5479.04,5479.04),
(1118,573,12,3,303.09,0.00,303.09,909.27),
(1119,574,28,2,971.66,48.58,923.08,1846.16),
(1120,575,14,1,1431.35,71.57,1359.78,1359.78),
(1121,575,99,1,991.34,148.70,842.64,842.64),
(1122,576,75,1,2341.28,351.19,1990.09,1990.09),
(1123,576,44,1,7064.89,1412.98,5651.91,5651.91),
(1124,577,33,3,840.49,0.00,840.49,2521.47),
(1125,577,63,1,7768.92,1942.23,5826.69,5826.69),
(1126,578,26,3,1980.01,0.00,1980.01,5940.03),
(1127,579,112,1,408.40,40.84,367.56,367.56),
(1128,579,88,3,54296.90,0.00,54296.90,162890.70),
(1129,579,11,1,2389.60,0.00,2389.60,2389.60),
(1130,580,67,4,3972.77,0.00,3972.77,15891.08),
(1131,581,74,2,855.32,0.00,855.32,1710.64),
(1132,581,42,1,4495.52,449.55,4045.97,4045.97),
(1133,582,71,3,3642.84,546.43,3096.41,9289.23),
(1134,582,50,2,1690.20,169.02,1521.18,3042.36),
(1135,583,24,1,231.07,0.00,231.07,231.07),
(1136,583,116,2,319.66,15.98,303.68,607.36),
(1137,583,52,4,246.64,12.33,234.31,937.24),
(1138,584,57,1,22489.03,4497.81,17991.22,17991.22),
(1139,584,110,1,2967.10,0.00,2967.10,2967.10),
(1140,584,114,1,1416.50,0.00,1416.50,1416.50),
(1141,585,101,2,2856.53,0.00,2856.53,5713.06),
(1142,585,11,1,2389.60,0.00,2389.60,2389.60),
(1143,586,47,1,736.14,147.23,588.91,588.91),
(1144,586,91,1,5992.04,599.20,5392.84,5392.84),
(1145,587,83,2,2413.63,120.68,2292.95,4585.90),
(1146,588,120,2,1229.96,0.00,1229.96,2459.92),
(1147,588,74,2,855.32,85.53,769.79,1539.58),
(1148,589,4,1,906.86,136.03,770.83,770.83),
(1149,589,52,2,246.64,12.33,234.31,468.62),
(1150,589,71,3,3642.84,0.00,3642.84,10928.52),
(1151,589,73,1,395.19,0.00,395.19,395.19),
(1152,590,26,1,1980.01,99.00,1881.01,1881.01),
(1153,591,117,1,1030.07,0.00,1030.07,1030.07),
(1154,591,9,1,2186.91,0.00,2186.91,2186.91),
(1155,592,32,1,204.94,0.00,204.94,204.94),
(1156,592,40,1,2184.73,327.71,1857.02,1857.02),
(1157,593,10,1,834.50,0.00,834.50,834.50),
(1158,594,20,2,1303.51,65.18,1238.33,2476.66),
(1159,595,73,1,395.19,0.00,395.19,395.19),
(1160,595,47,2,736.14,0.00,736.14,1472.28),
(1161,596,43,1,365.34,0.00,365.34,365.34),
(1162,596,6,2,5977.15,597.72,5379.43,10758.86),
(1163,597,9,1,2186.91,0.00,2186.91,2186.91),
(1164,597,114,1,1416.50,0.00,1416.50,1416.50),
(1165,597,84,2,4592.01,1148.00,3444.01,6888.02),
(1166,598,54,3,1855.67,0.00,1855.67,5567.01),
(1167,598,23,1,311.12,0.00,311.12,311.12),
(1168,599,70,1,554.39,27.72,526.67,526.67),
(1169,599,39,1,1833.46,458.36,1375.10,1375.10),
(1170,600,12,2,303.09,0.00,303.09,606.18),
(1171,601,51,1,8056.62,0.00,8056.62,8056.62),
(1172,601,40,1,2184.73,0.00,2184.73,2184.73),
(1173,602,95,1,1132.96,0.00,1132.96,1132.96),
(1174,602,20,1,1303.51,0.00,1303.51,1303.51),
(1175,603,49,1,2666.04,399.91,2266.13,2266.13),
(1176,604,91,3,5992.04,0.00,5992.04,17976.12),
(1177,604,34,1,6668.72,0.00,6668.72,6668.72),
(1178,605,109,1,21330.35,0.00,21330.35,21330.35),
(1179,606,93,1,433.34,21.67,411.67,411.67),
(1180,606,17,2,1028.38,0.00,1028.38,2056.76),
(1181,607,32,1,204.94,0.00,204.94,204.94),
(1182,607,70,4,554.39,27.72,526.67,2106.68),
(1183,607,23,1,311.12,0.00,311.12,311.12),
(1184,608,82,1,1847.34,184.73,1662.61,1662.61),
(1185,608,14,1,1431.35,0.00,1431.35,1431.35),
(1186,609,46,1,1096.16,0.00,1096.16,1096.16),
(1187,609,120,2,1229.96,0.00,1229.96,2459.92),
(1188,610,20,1,1303.51,0.00,1303.51,1303.51),
(1189,611,115,1,453.98,22.70,431.28,431.28),
(1190,611,18,3,24603.63,4920.73,19682.90,59048.70),
(1191,612,25,1,51752.20,0.00,51752.20,51752.20),
(1192,613,20,2,1303.51,195.53,1107.98,2215.96),
(1193,613,107,1,3854.83,770.97,3083.86,3083.86),
(1194,614,45,2,18348.63,0.00,18348.63,36697.26),
(1195,614,92,1,8320.93,0.00,8320.93,8320.93),
(1196,615,87,4,108.33,5.42,102.91,411.64),
(1197,615,49,4,2666.04,0.00,2666.04,10664.16),
(1198,615,60,1,2322.92,0.00,2322.92,2322.92),
(1199,616,55,1,4731.36,1182.84,3548.52,3548.52),
(1200,616,86,2,1778.58,88.93,1689.65,3379.30),
(1201,617,42,1,4495.52,449.55,4045.97,4045.97),
(1202,617,6,4,5977.15,0.00,5977.15,23908.60),
(1203,618,39,3,1833.46,366.69,1466.77,4400.31),
(1204,618,68,1,2683.34,0.00,2683.34,2683.34),
(1205,619,83,1,2413.63,120.68,2292.95,2292.95),
(1206,620,47,1,736.14,147.23,588.91,588.91),
(1207,620,42,1,4495.52,899.10,3596.42,3596.42),
(1208,621,66,1,2892.54,433.88,2458.66,2458.66),
(1209,621,117,1,1030.07,0.00,1030.07,1030.07),
(1210,622,115,2,453.98,45.40,408.58,817.16),
(1211,622,42,2,4495.52,1123.88,3371.64,6743.28),
(1212,623,74,1,855.32,0.00,855.32,855.32),
(1213,624,111,1,966.68,145.00,821.68,821.68),
(1214,625,76,2,50336.58,5033.66,45302.92,90605.84),
(1215,626,78,1,302.45,0.00,302.45,302.45),
(1216,627,40,2,2184.73,0.00,2184.73,4369.46),
(1217,628,77,1,966.26,0.00,966.26,966.26),
(1218,628,102,4,76.47,0.00,76.47,305.88),
(1219,629,6,1,5977.15,597.72,5379.43,5379.43),
(1220,629,32,4,204.94,0.00,204.94,819.76),
(1221,630,85,3,56703.11,0.00,56703.11,170109.33),
(1222,630,15,2,7739.41,386.97,7352.44,14704.88),
(1223,630,5,1,1339.42,0.00,1339.42,1339.42),
(1224,631,60,1,2322.92,116.15,2206.77,2206.77),
(1225,631,73,3,395.19,98.80,296.39,889.17),
(1226,631,53,1,905.75,90.58,815.17,815.17),
(1227,632,19,1,39864.36,0.00,39864.36,39864.36),
(1228,632,44,1,7064.89,0.00,7064.89,7064.89),
(1229,633,76,2,50336.58,12584.14,37752.44,75504.88),
(1230,633,40,1,2184.73,218.47,1966.26,1966.26),
(1231,634,33,3,840.49,126.07,714.42,2143.26),
(1232,634,72,1,2629.90,262.99,2366.91,2366.91),
(1233,634,6,2,5977.15,0.00,5977.15,11954.30),
(1234,634,35,4,766.62,38.33,728.29,2913.16),
(1235,635,66,3,2892.54,289.25,2603.29,7809.87),
(1236,635,13,1,4779.23,955.85,3823.38,3823.38),
(1237,635,82,1,1847.34,0.00,1847.34,1847.34),
(1238,636,95,1,1132.96,226.59,906.37,906.37),
(1239,637,69,1,162.04,0.00,162.04,162.04),
(1240,637,31,2,716.77,71.68,645.09,1290.18),
(1241,638,77,1,966.26,144.94,821.32,821.32),
(1242,638,98,2,1478.93,295.79,1183.14,2366.28),
(1243,639,43,3,365.34,18.27,347.07,1041.21),
(1244,639,17,1,1028.38,51.42,976.96,976.96),
(1245,640,4,1,906.86,45.34,861.52,861.52),
(1246,640,30,1,11217.17,0.00,11217.17,11217.17),
(1247,640,75,1,2341.28,234.13,2107.15,2107.15),
(1248,640,40,3,2184.73,218.47,1966.26,5898.78),
(1249,641,46,1,1096.16,164.42,931.74,931.74),
(1250,642,84,1,4592.01,229.60,4362.41,4362.41),
(1251,642,51,2,8056.62,0.00,8056.62,16113.24),
(1252,643,118,1,1201.49,120.15,1081.34,1081.34),
(1253,644,4,2,906.86,0.00,906.86,1813.72),
(1254,645,55,1,4731.36,709.70,4021.66,4021.66),
(1255,645,28,2,971.66,97.17,874.49,1748.98),
(1256,646,7,1,7796.48,389.82,7406.66,7406.66),
(1257,646,18,1,24603.63,3690.54,20913.09,20913.09),
(1258,647,50,1,1690.20,84.51,1605.69,1605.69),
(1259,648,75,1,2341.28,351.19,1990.09,1990.09),
(1260,648,84,2,4592.01,0.00,4592.01,9184.02),
(1261,648,120,2,1229.96,0.00,1229.96,2459.92),
(1262,648,21,4,1911.72,0.00,1911.72,7646.88),
(1263,649,93,1,433.34,0.00,433.34,433.34),
(1264,650,16,2,225.65,0.00,225.65,451.30),
(1265,650,69,1,162.04,16.20,145.84,145.84),
(1266,651,40,3,2184.73,109.24,2075.49,6226.47),
(1267,652,69,2,162.04,0.00,162.04,324.08),
(1268,652,63,1,7768.92,0.00,7768.92,7768.92),
(1269,653,44,2,7064.89,353.24,6711.65,13423.30),
(1270,653,78,1,302.45,0.00,302.45,302.45),
(1271,654,34,2,6668.72,1333.74,5334.98,10669.96),
(1272,654,92,3,8320.93,2080.23,6240.70,18722.10),
(1273,654,47,1,736.14,0.00,736.14,736.14),
(1274,655,44,2,7064.89,1059.73,6005.16,12010.32),
(1275,655,87,1,108.33,16.25,92.08,92.08),
(1276,656,29,1,1499.87,149.99,1349.88,1349.88),
(1277,657,4,1,906.86,45.34,861.52,861.52),
(1278,658,118,2,1201.49,0.00,1201.49,2402.98),
(1279,658,65,2,4654.17,0.00,4654.17,9308.34),
(1280,659,43,1,365.34,54.80,310.54,310.54),
(1281,659,83,1,2413.63,241.36,2172.27,2172.27),
(1282,660,15,4,7739.41,0.00,7739.41,30957.64),
(1283,660,31,1,716.77,179.19,537.58,537.58),
(1284,661,84,1,4592.01,459.20,4132.81,4132.81),
(1285,661,32,2,204.94,30.74,174.20,348.40),
(1286,662,31,1,716.77,107.52,609.25,609.25),
(1287,663,52,1,246.64,0.00,246.64,246.64),
(1288,663,43,1,365.34,36.53,328.81,328.81),
(1289,664,96,1,1778.80,0.00,1778.80,1778.80),
(1290,664,39,2,1833.46,0.00,1833.46,3666.92),
(1291,665,82,2,1847.34,277.10,1570.24,3140.48),
(1292,665,77,1,966.26,0.00,966.26,966.26),
(1293,666,1,1,1943.24,291.49,1651.75,1651.75),
(1294,667,8,1,323.80,80.95,242.85,242.85),
(1295,667,69,1,162.04,0.00,162.04,162.04),
(1296,668,111,2,966.68,48.33,918.35,1836.70),
(1297,668,95,3,1132.96,226.59,906.37,2719.11),
(1298,669,72,1,2629.90,0.00,2629.90,2629.90),
(1299,670,69,1,162.04,40.51,121.53,121.53),
(1300,670,1,1,1943.24,194.32,1748.92,1748.92),
(1301,671,32,4,204.94,40.99,163.95,655.80),
(1302,671,120,1,1229.96,0.00,1229.96,1229.96),
(1303,672,41,1,35219.60,3521.96,31697.64,31697.64),
(1304,672,111,1,966.68,0.00,966.68,966.68),
(1305,673,65,3,4654.17,0.00,4654.17,13962.51),
(1306,673,6,3,5977.15,597.72,5379.43,16138.29),
(1307,674,45,2,18348.63,0.00,18348.63,36697.26),
(1308,674,61,2,1728.75,0.00,1728.75,3457.50),
(1309,675,80,1,2283.30,114.17,2169.13,2169.13),
(1310,675,92,1,8320.93,416.05,7904.88,7904.88),
(1311,676,89,1,58400.68,0.00,58400.68,58400.68),
(1312,676,50,2,1690.20,0.00,1690.20,3380.40),
(1313,676,24,1,231.07,0.00,231.07,231.07),
(1314,677,57,1,22489.03,0.00,22489.03,22489.03),
(1315,677,111,3,966.68,145.00,821.68,2465.04),
(1316,678,29,1,1499.87,0.00,1499.87,1499.87),
(1317,678,119,1,1183.09,295.77,887.32,887.32),
(1318,679,102,4,76.47,3.82,72.65,290.60),
(1319,680,103,1,6690.39,1003.56,5686.83,5686.83),
(1320,680,13,1,4779.23,0.00,4779.23,4779.23),
(1321,680,39,1,1833.46,275.02,1558.44,1558.44),
(1322,681,66,2,2892.54,578.51,2314.03,4628.06),
(1323,681,99,1,991.34,0.00,991.34,991.34),
(1324,682,117,2,1030.07,103.01,927.06,1854.12),
(1325,682,106,1,4157.50,415.75,3741.75,3741.75),
(1326,682,12,1,303.09,0.00,303.09,303.09),
(1327,682,76,2,50336.58,0.00,50336.58,100673.16),
(1328,683,78,1,302.45,0.00,302.45,302.45),
(1329,683,112,1,408.40,0.00,408.40,408.40),
(1330,684,90,1,1787.70,178.77,1608.93,1608.93),
(1331,685,30,1,11217.17,0.00,11217.17,11217.17),
(1332,685,36,1,4902.59,735.39,4167.20,4167.20),
(1333,686,35,2,766.62,114.99,651.63,1303.26),
(1334,687,22,2,6834.89,0.00,6834.89,13669.78),
(1335,688,4,2,906.86,136.03,770.83,1541.66),
(1336,688,15,1,7739.41,0.00,7739.41,7739.41),
(1337,688,80,3,2283.30,456.66,1826.64,5479.92),
(1338,689,100,1,922.99,0.00,922.99,922.99),
(1339,689,78,1,302.45,15.12,287.33,287.33),
(1340,690,36,3,4902.59,0.00,4902.59,14707.77),
(1341,691,35,2,766.62,0.00,766.62,1533.24),
(1342,691,74,1,855.32,0.00,855.32,855.32),
(1343,692,24,1,231.07,11.55,219.52,219.52),
(1344,692,14,2,1431.35,0.00,1431.35,2862.70),
(1345,693,14,1,1431.35,143.14,1288.21,1288.21),
(1346,694,115,1,453.98,90.80,363.18,363.18),
(1347,695,68,1,2683.34,0.00,2683.34,2683.34),
(1348,695,101,1,2856.53,142.83,2713.70,2713.70),
(1349,695,83,1,2413.63,0.00,2413.63,2413.63),
(1350,696,24,2,231.07,23.11,207.96,415.92),
(1351,696,113,2,1049.76,104.98,944.78,1889.56),
(1352,697,40,2,2184.73,0.00,2184.73,4369.46),
(1353,697,34,1,6668.72,0.00,6668.72,6668.72),
(1354,698,12,1,303.09,0.00,303.09,303.09),
(1355,699,81,1,404.29,0.00,404.29,404.29),
(1356,699,44,1,7064.89,0.00,7064.89,7064.89),
(1357,700,106,1,4157.50,207.88,3949.62,3949.62),
(1358,701,59,1,80.34,16.07,64.27,64.27),
(1359,702,30,1,11217.17,1121.72,10095.45,10095.45),
(1360,703,81,1,404.29,60.64,343.65,343.65),
(1361,703,30,2,11217.17,0.00,11217.17,22434.34),
(1362,704,22,1,6834.89,0.00,6834.89,6834.89),
(1363,704,41,2,35219.60,1760.98,33458.62,66917.24),
(1364,705,72,3,2629.90,0.00,2629.90,7889.70),
(1365,705,116,1,319.66,15.98,303.68,303.68),
(1366,705,6,2,5977.15,0.00,5977.15,11954.30),
(1367,706,7,2,7796.48,0.00,7796.48,15592.96),
(1368,707,28,1,971.66,97.17,874.49,874.49),
(1369,707,54,2,1855.67,92.78,1762.89,3525.78),
(1370,708,56,1,817.95,40.90,777.05,777.05),
(1371,708,114,1,1416.50,0.00,1416.50,1416.50),
(1372,708,24,1,231.07,0.00,231.07,231.07),
(1373,709,67,3,3972.77,595.92,3376.85,10130.55),
(1374,709,65,2,4654.17,232.71,4421.46,8842.92),
(1375,710,91,1,5992.04,0.00,5992.04,5992.04),
(1376,711,117,2,1030.07,51.50,978.57,1957.14),
(1377,711,10,2,834.50,41.72,792.78,1585.56),
(1378,711,2,1,2499.63,124.98,2374.65,2374.65),
(1379,711,39,1,1833.46,366.69,1466.77,1466.77),
(1380,712,99,1,991.34,99.13,892.21,892.21),
(1381,713,6,2,5977.15,0.00,5977.15,11954.30),
(1382,713,85,1,56703.11,0.00,56703.11,56703.11),
(1383,714,77,1,966.26,193.25,773.01,773.01),
(1384,714,29,1,1499.87,0.00,1499.87,1499.87),
(1385,714,19,1,39864.36,3986.44,35877.92,35877.92),
(1386,715,64,3,6855.58,342.78,6512.80,19538.40),
(1387,715,26,1,1980.01,0.00,1980.01,1980.01),
(1388,715,116,1,319.66,0.00,319.66,319.66),
(1389,715,40,2,2184.73,218.47,1966.26,3932.52),
(1390,716,103,1,6690.39,669.04,6021.35,6021.35),
(1391,717,74,1,855.32,0.00,855.32,855.32),
(1392,717,47,2,736.14,0.00,736.14,1472.28),
(1393,718,22,1,6834.89,0.00,6834.89,6834.89),
(1394,718,41,1,35219.60,5282.94,29936.66,29936.66),
(1395,719,35,2,766.62,76.66,689.96,1379.92),
(1396,719,68,1,2683.34,0.00,2683.34,2683.34),
(1397,720,114,2,1416.50,141.65,1274.85,2549.70),
(1398,720,105,2,4254.44,0.00,4254.44,8508.88),
(1399,721,110,1,2967.10,148.35,2818.75,2818.75),
(1400,721,29,1,1499.87,74.99,1424.88,1424.88),
(1401,722,45,2,18348.63,917.43,17431.20,34862.40),
(1402,722,40,1,2184.73,218.47,1966.26,1966.26),
(1403,723,98,1,1478.93,147.89,1331.04,1331.04),
(1404,723,10,4,834.50,0.00,834.50,3338.00),
(1405,724,79,3,1313.46,65.67,1247.79,3743.37),
(1406,724,101,3,2856.53,428.48,2428.05,7284.15),
(1407,725,41,4,35219.60,1760.98,33458.62,133834.48),
(1408,726,98,3,1478.93,73.95,1404.98,4214.94),
(1409,727,55,3,4731.36,709.70,4021.66,12064.98),
(1410,727,74,1,855.32,85.53,769.79,769.79),
(1411,728,80,4,2283.30,456.66,1826.64,7306.56),
(1412,728,84,1,4592.01,0.00,4592.01,4592.01),
(1413,729,11,3,2389.60,0.00,2389.60,7168.80),
(1414,729,80,1,2283.30,0.00,2283.30,2283.30),
(1415,730,114,2,1416.50,70.82,1345.68,2691.36),
(1416,731,69,3,162.04,0.00,162.04,486.12),
(1417,732,44,2,7064.89,706.49,6358.40,12716.80),
(1418,732,2,2,2499.63,0.00,2499.63,4999.26),
(1419,732,102,1,76.47,0.00,76.47,76.47),
(1420,733,115,1,453.98,90.80,363.18,363.18),
(1421,734,73,1,395.19,0.00,395.19,395.19),
(1422,734,25,1,51752.20,0.00,51752.20,51752.20),
(1423,735,40,1,2184.73,0.00,2184.73,2184.73),
(1424,735,93,2,433.34,43.33,390.01,780.02),
(1425,735,120,2,1229.96,307.49,922.47,1844.94),
(1426,735,83,1,2413.63,120.68,2292.95,2292.95),
(1427,736,76,2,50336.58,0.00,50336.58,100673.16),
(1428,736,110,1,2967.10,296.71,2670.39,2670.39),
(1429,736,10,2,834.50,41.72,792.78,1585.56),
(1430,736,93,2,433.34,0.00,433.34,866.68),
(1431,737,118,2,1201.49,0.00,1201.49,2402.98),
(1432,737,3,3,1710.85,0.00,1710.85,5132.55),
(1433,738,78,1,302.45,0.00,302.45,302.45),
(1434,739,74,4,855.32,128.30,727.02,2908.08),
(1435,739,89,3,58400.68,0.00,58400.68,175202.04),
(1436,740,69,1,162.04,8.10,153.94,153.94),
(1437,740,55,2,4731.36,236.57,4494.79,8989.58),
(1438,740,88,4,54296.90,0.00,54296.90,217187.60),
(1439,741,23,1,311.12,0.00,311.12,311.12),
(1440,741,7,1,7796.48,779.65,7016.83,7016.83),
(1441,742,85,1,56703.11,5670.31,51032.80,51032.80),
(1442,743,85,2,56703.11,5670.31,51032.80,102065.60),
(1443,743,119,1,1183.09,0.00,1183.09,1183.09),
(1444,744,108,1,1699.42,84.97,1614.45,1614.45),
(1445,744,86,1,1778.58,0.00,1778.58,1778.58),
(1446,745,13,1,4779.23,238.96,4540.27,4540.27),
(1447,745,105,1,4254.44,425.44,3829.00,3829.00),
(1448,746,10,4,834.50,0.00,834.50,3338.00),
(1449,746,94,1,1909.64,190.96,1718.68,1718.68),
(1450,747,15,4,7739.41,1934.85,5804.56,23218.24),
(1451,747,77,1,966.26,48.31,917.95,917.95),
(1452,748,4,1,906.86,45.34,861.52,861.52),
(1453,748,96,1,1778.80,0.00,1778.80,1778.80),
(1454,749,56,1,817.95,0.00,817.95,817.95),
(1455,750,45,2,18348.63,0.00,18348.63,36697.26),
(1456,751,40,1,2184.73,109.24,2075.49,2075.49),
(1457,752,115,1,453.98,0.00,453.98,453.98),
(1458,752,42,1,4495.52,674.33,3821.19,3821.19),
(1459,752,34,2,6668.72,666.87,6001.85,12003.70),
(1460,753,113,1,1049.76,104.98,944.78,944.78),
(1461,753,42,4,4495.52,0.00,4495.52,17982.08),
(1462,753,43,2,365.34,36.53,328.81,657.62),
(1463,753,5,2,1339.42,0.00,1339.42,2678.84),
(1464,754,57,1,22489.03,0.00,22489.03,22489.03),
(1465,755,83,1,2413.63,0.00,2413.63,2413.63),
(1466,755,17,3,1028.38,0.00,1028.38,3085.14),
(1467,755,4,3,906.86,0.00,906.86,2720.58),
(1468,756,18,1,24603.63,2460.36,22143.27,22143.27),
(1469,756,63,1,7768.92,1165.34,6603.58,6603.58),
(1470,757,46,3,1096.16,109.62,986.54,2959.62),
(1471,757,75,2,2341.28,0.00,2341.28,4682.56),
(1472,757,63,1,7768.92,0.00,7768.92,7768.92),
(1473,758,52,1,246.64,0.00,246.64,246.64),
(1474,758,89,4,58400.68,8760.10,49640.58,198562.32),
(1475,758,30,4,11217.17,0.00,11217.17,44868.68),
(1476,758,56,1,817.95,0.00,817.95,817.95),
(1477,759,107,1,3854.83,385.48,3469.35,3469.35),
(1478,760,22,1,6834.89,341.74,6493.15,6493.15),
(1479,760,1,2,1943.24,388.65,1554.59,3109.18),
(1480,761,9,4,2186.91,109.35,2077.56,8310.24),
(1481,761,38,2,4001.47,600.22,3401.25,6802.50),
(1482,762,21,1,1911.72,382.34,1529.38,1529.38),
(1483,762,30,2,11217.17,0.00,11217.17,22434.34),
(1484,762,52,1,246.64,0.00,246.64,246.64),
(1485,763,33,2,840.49,0.00,840.49,1680.98),
(1486,763,30,2,11217.17,0.00,11217.17,22434.34),
(1487,763,16,1,225.65,33.85,191.80,191.80),
(1488,764,56,2,817.95,0.00,817.95,1635.90),
(1489,765,119,1,1183.09,177.46,1005.63,1005.63),
(1490,765,27,3,2541.06,254.11,2286.95,6860.85),
(1491,766,95,3,1132.96,56.65,1076.31,3228.93),
(1492,766,120,2,1229.96,0.00,1229.96,2459.92),
(1493,767,9,1,2186.91,328.04,1858.87,1858.87),
(1494,767,8,3,323.80,0.00,323.80,971.40),
(1495,768,108,1,1699.42,84.97,1614.45,1614.45),
(1496,768,104,1,3496.42,349.64,3146.78,3146.78),
(1497,769,37,1,1798.18,179.82,1618.36,1618.36),
(1498,770,34,1,6668.72,0.00,6668.72,6668.72),
(1499,770,48,2,8577.50,857.75,7719.75,15439.50),
(1500,771,62,1,2980.94,447.14,2533.80,2533.80),
(1501,771,61,1,1728.75,172.88,1555.87,1555.87),
(1502,772,60,1,2322.92,116.15,2206.77,2206.77),
(1503,772,101,1,2856.53,0.00,2856.53,2856.53),
(1504,772,69,2,162.04,8.10,153.94,307.88),
(1505,773,35,2,766.62,0.00,766.62,1533.24),
(1506,773,41,2,35219.60,0.00,35219.60,70439.20),
(1507,773,1,1,1943.24,388.65,1554.59,1554.59),
(1508,774,58,1,5479.04,0.00,5479.04,5479.04),
(1509,775,26,1,1980.01,495.00,1485.01,1485.01),
(1510,776,76,1,50336.58,0.00,50336.58,50336.58),
(1511,776,20,2,1303.51,0.00,1303.51,2607.02),
(1512,777,3,4,1710.85,342.17,1368.68,5474.72),
(1513,777,8,1,323.80,0.00,323.80,323.80),
(1514,778,36,1,4902.59,0.00,4902.59,4902.59),
(1515,778,40,1,2184.73,0.00,2184.73,2184.73),
(1516,778,76,2,50336.58,0.00,50336.58,100673.16),
(1517,779,12,2,303.09,15.15,287.94,575.88),
(1518,779,100,2,922.99,0.00,922.99,1845.98),
(1519,779,78,1,302.45,0.00,302.45,302.45),
(1520,780,13,2,4779.23,238.96,4540.27,9080.54),
(1521,781,71,1,3642.84,728.57,2914.27,2914.27),
(1522,781,35,3,766.62,76.66,689.96,2069.88),
(1523,782,95,1,1132.96,0.00,1132.96,1132.96),
(1524,782,23,1,311.12,0.00,311.12,311.12),
(1525,783,119,2,1183.09,118.31,1064.78,2129.56),
(1526,784,29,1,1499.87,0.00,1499.87,1499.87),
(1527,784,31,3,716.77,35.84,680.93,2042.79),
(1528,785,61,1,1728.75,0.00,1728.75,1728.75),
(1529,785,40,2,2184.73,436.95,1747.78,3495.56),
(1530,786,57,2,22489.03,4497.81,17991.22,35982.44),
(1531,786,43,1,365.34,0.00,365.34,365.34),
(1532,787,95,1,1132.96,56.65,1076.31,1076.31),
(1533,787,60,1,2322.92,0.00,2322.92,2322.92),
(1534,788,110,1,2967.10,0.00,2967.10,2967.10),
(1535,788,71,4,3642.84,364.28,3278.56,13114.24),
(1536,789,48,1,8577.50,0.00,8577.50,8577.50),
(1537,790,86,1,1778.58,0.00,1778.58,1778.58),
(1538,790,88,1,54296.90,0.00,54296.90,54296.90),
(1539,791,68,4,2683.34,536.67,2146.67,8586.68),
(1540,791,68,2,2683.34,0.00,2683.34,5366.68),
(1541,792,31,1,716.77,0.00,716.77,716.77),
(1542,793,112,2,408.40,40.84,367.56,735.12),
(1543,794,25,1,51752.20,0.00,51752.20,51752.20),
(1544,794,26,1,1980.01,0.00,1980.01,1980.01),
(1545,794,27,1,2541.06,0.00,2541.06,2541.06),
(1546,795,106,4,4157.50,207.88,3949.62,15798.48),
(1547,796,48,1,8577.50,1715.50,6862.00,6862.00),
(1548,796,67,1,3972.77,0.00,3972.77,3972.77),
(1549,796,22,1,6834.89,1025.23,5809.66,5809.66),
(1550,797,67,1,3972.77,595.92,3376.85,3376.85),
(1551,797,88,2,54296.90,13574.22,40722.68,81445.36),
(1552,798,33,1,840.49,0.00,840.49,840.49),
(1553,799,7,1,7796.48,779.65,7016.83,7016.83),
(1554,800,36,4,4902.59,735.39,4167.20,16668.80);



INSERT INTO returns (return_id, order_item_id, reason, status, requested_at, approved_at, refund_amount) VALUES
(1,1524,'No Longer Needed','Requested','2025-03-14 21:30:00',NULL,0.00),
(2,271,'Size Issue','Refunded','2024-09-08 05:17:00','2024-09-09 05:17:00',817.95),
(3,354,'No Longer Needed','Approved','2025-07-07 04:35:00','2025-07-09 04:35:00',4731.36),
(4,355,'Damaged','Requested','2025-07-19 04:35:00',NULL,0.00),
(5,917,'Wrong Item','Approved','2025-06-11 03:40:00','2025-06-14 03:40:00',6656.74),
(6,241,'No Longer Needed','Approved','2025-02-15 06:30:00','2025-02-21 06:30:00',1129.97),
(7,353,'Damaged','Requested','2024-02-06 12:27:00',NULL,0.00),
(8,1373,'No Longer Needed','Refunded','2025-06-11 05:01:00','2025-06-13 05:01:00',7597.91),
(9,417,'Defective','Refunded','2024-01-20 20:23:00','2024-01-27 20:23:00',58400.68),
(10,1047,'Wrong Item','Approved','2024-08-18 04:25:00','2024-08-24 04:25:00',383.31),
(11,1189,'Wrong Item','Refunded','2025-08-18 17:12:00','2025-08-24 17:12:00',215.64),
(12,352,'Wrong Item','Approved','2025-06-04 19:47:00','2025-06-07 19:47:00',2296.01),
(13,66,'Defective','Approved','2025-08-05 02:19:00','2025-08-09 02:19:00',1359.78),
(14,1244,'Wrong Item','Refunded','2024-03-29 01:08:00','2024-03-31 01:08:00',732.72),
(15,31,'No Longer Needed','Approved','2025-08-29 01:36:00','2025-09-02 01:36:00',227.76),
(16,1266,'Size Issue','Approved','2024-02-02 12:24:00','2024-02-08 12:24:00',6226.47),
(17,1317,'No Longer Needed','Requested','2025-08-25 22:22:00',NULL,0.00),
(18,1505,'No Longer Needed','Requested','2025-01-07 20:35:00',NULL,0.00),
(19,176,'Wrong Item','Refunded','2025-07-01 19:56:00','2025-07-05 19:56:00',3749.45),
(20,169,'Wrong Item','Approved','2024-07-05 10:54:00','2024-07-10 10:54:00',1359.54),
(21,986,'Defective','Approved','2024-12-04 18:24:00','2024-12-06 18:24:00',4920.55),
(22,1360,'Defective','Approved','2025-06-30 16:37:00','2025-07-01 16:37:00',343.65),
(23,533,'No Longer Needed','Requested','2024-06-03 19:35:00',NULL,0.00),
(24,1174,'No Longer Needed','Approved','2025-05-10 19:42:00','2025-05-14 19:42:00',1303.51),
(25,523,'Wrong Item','Approved','2024-06-27 13:42:00','2024-06-28 13:42:00',5080.58),
(26,1521,'Size Issue','Requested','2024-11-29 02:57:00',NULL,0.00),
(27,439,'Wrong Item','Approved','2024-10-26 07:46:00','2024-10-27 07:46:00',600.75),
(28,240,'No Longer Needed','Requested','2025-02-10 06:30:00',NULL,0.00),
(29,766,'Size Issue','Refunded','2024-06-17 00:09:00','2024-06-21 00:09:00',1778.58),
(30,60,'Size Issue','Approved','2025-02-06 17:10:00','2025-02-10 17:10:00',9291.68),
(31,406,'Wrong Item','Refunded','2024-09-19 11:42:00','2024-09-22 11:42:00',1527.71),
(32,712,'Damaged','Approved','2024-06-28 09:21:00','2024-07-02 09:21:00',1457.43),
(33,479,'Size Issue','Refunded','2024-12-31 12:25:00','2025-01-05 12:25:00',2666.04),
(34,163,'No Longer Needed','Refunded','2025-02-03 06:25:00','2025-02-08 06:25:00',1495.90),
(35,889,'Defective','Requested','2024-04-18 15:47:00',NULL,0.00),
(36,860,'Defective','Refunded','2025-01-03 13:30:00','2025-01-09 13:30:00',246.64),
(37,1183,'Wrong Item','Refunded','2024-05-07 05:46:00','2024-05-09 05:46:00',311.12),
(38,1543,'Wrong Item','Refunded','2025-04-30 19:40:00','2025-05-03 19:40:00',25876.10),
(39,472,'Defective','Approved','2024-11-10 22:24:00','2024-11-14 22:24:00',11217.17),
(40,185,'Damaged','Refunded','2024-10-21 04:54:00','2024-10-24 04:54:00',2681.55),
(41,702,'Damaged','Approved','2024-01-29 09:10:00','2024-01-31 09:10:00',39220.20),
(42,1289,'No Longer Needed','Requested','2025-01-11 15:40:00',NULL,0.00),
(43,495,'Defective','Requested','2024-07-08 20:47:00',NULL,0.00),
(44,1217,'No Longer Needed','Requested','2024-02-19 11:04:00',NULL,0.00),
(45,381,'Size Issue','Rejected','2025-07-13 21:56:00',NULL,0.00),
(46,1382,'Damaged','Refunded','2025-04-14 13:31:00','2025-04-20 13:31:00',28351.56),
(47,693,'Defective','Requested','2025-08-01 06:52:00',NULL,0.00),
(48,611,'Size Issue','Refunded','2024-08-05 03:12:00','2024-08-08 03:12:00',2186.91),
(49,1322,'No Longer Needed','Approved','2025-07-29 23:26:00','2025-08-01 23:26:00',3471.05),
(50,340,'Defective','Approved','2025-05-20 02:12:00','2025-05-25 02:12:00',3694.68),
(51,125,'No Longer Needed','Approved','2025-04-07 03:40:00','2025-04-12 03:40:00',628.54),
(52,975,'Defective','Refunded','2025-01-29 04:49:00','2025-02-04 04:49:00',1274.85),
(53,276,'Defective','Requested','2025-03-14 17:07:00',NULL,0.00),
(54,987,'Defective','Approved','2024-12-11 18:24:00','2024-12-14 18:24:00',3548.52),
(55,1145,'Wrong Item','Requested','2024-05-01 15:01:00',NULL,0.00),
(56,1260,'Size Issue','Rejected','2024-02-20 07:44:00',NULL,0.00),
(57,807,'Defective','Approved','2025-05-06 18:55:00','2025-05-10 18:55:00',538.15),
(58,1157,'Damaged','Rejected','2025-01-25 21:17:00',NULL,0.00),
(59,673,'Damaged','Refunded','2024-01-26 16:29:00','2024-01-29 16:29:00',55358.16),
(60,24,'Wrong Item','Refunded','2025-04-12 23:17:00','2025-04-13 23:17:00',1093.45),
(61,1190,'Size Issue','Approved','2025-08-16 17:12:00','2025-08-20 17:12:00',59048.70),
(62,204,'Size Issue','Approved','2024-11-22 08:24:00','2024-11-28 08:24:00',1857.49),
(63,372,'Damaged','Approved','2024-02-01 22:42:00','2024-02-04 22:42:00',3496.42),
(64,50,'Wrong Item','Approved','2025-06-20 16:24:00','2025-06-27 16:24:00',2322.31),
(65,825,'Size Issue','Refunded','2024-03-29 08:36:00','2024-03-30 08:36:00',1141.65),
(66,1431,'Damaged','Refunded','2024-03-24 20:03:00','2024-03-31 20:03:00',2402.98),
(67,671,'No Longer Needed','Requested','2024-10-11 06:11:00',NULL,0.00),
(68,618,'No Longer Needed','Requested','2025-02-12 04:07:00',NULL,0.00),
(69,272,'Damaged','Approved','2024-03-25 22:46:00','2024-03-29 22:46:00',3422.65),
(70,429,'Damaged','Refunded','2025-05-29 02:19:00','2025-06-02 02:19:00',2699.77),
(71,721,'Wrong Item','Approved','2024-01-15 07:01:00','2024-01-18 07:01:00',4369.46),
(72,1212,'Wrong Item','Approved','2025-05-29 09:25:00','2025-05-31 09:25:00',641.49),
(73,124,'Wrong Item','Requested','2025-04-09 03:40:00',NULL,0.00),
(74,1377,'No Longer Needed','Rejected','2024-08-07 09:36:00',NULL,0.00),
(75,238,'Size Issue','Approved','2025-08-15 12:24:00','2025-08-16 12:24:00',4731.36),
(76,1204,'No Longer Needed','Requested','2024-03-18 14:27:00',NULL,0.00),
(77,199,'Defective','Requested','2024-09-22 17:05:00',NULL,0.00),
(78,200,'Size Issue','Approved','2025-07-02 11:14:00','2025-07-05 11:14:00',1394.15),
(79,915,'No Longer Needed','Refunded','2025-02-25 10:33:00','2025-03-04 10:33:00',4779.20),
(80,1103,'Wrong Item','Approved','2024-06-10 11:56:00','2024-06-11 11:56:00',479.49),
(81,1248,'Damaged','Requested','2024-12-27 19:41:00',NULL,0.00),
(82,1236,'Wrong Item','Approved','2024-06-04 03:28:00','2024-06-10 03:28:00',1911.69),
(83,100,'Wrong Item','Approved','2025-03-24 20:43:00','2025-03-25 20:43:00',1133.07),
(84,333,'Defective','Refunded','2024-02-14 16:50:00','2024-02-18 16:50:00',2988.57),
(85,52,'No Longer Needed','Approved','2025-05-10 17:26:00','2025-05-13 17:26:00',5332.08),
(86,71,'Damaged','Refunded','2024-09-27 21:20:00','2024-09-29 21:20:00',4254.44),
(87,1363,'Wrong Item','Approved','2024-12-09 12:20:00','2024-12-11 12:20:00',50187.93),
(88,77,'No Longer Needed','Approved','2025-05-22 12:34:00','2025-05-28 12:34:00',8715.60),
(89,1001,'Wrong Item','Refunded','2025-06-03 19:03:00','2025-06-09 19:03:00',12042.70),
(90,923,'Defective','Approved','2025-04-11 20:40:00','2025-04-12 20:40:00',3783.06),
(91,142,'Wrong Item','Approved','2025-06-15 08:22:00','2025-06-20 08:22:00',1911.72),
(92,1447,'Wrong Item','Approved','2024-01-26 00:47:00','2024-01-27 00:47:00',3829.00),
(93,1180,'Wrong Item','Requested','2025-05-11 10:48:00',NULL,0.00),
(94,989,'Wrong Item','Approved','2025-08-28 00:58:00','2025-09-03 00:58:00',4254.44),
(95,908,'Wrong Item','Approved','2024-12-10 10:10:00','2024-12-15 10:10:00',438.46),
(96,994,'Defective','Approved','2024-03-24 15:06:00','2024-03-31 15:06:00',692.24),
(97,1532,'No Longer Needed','Refunded','2025-08-10 13:41:00','2025-08-14 13:41:00',538.15),
(98,221,'Wrong Item','Rejected','2024-09-03 16:37:00',NULL,0.00),
(99,332,'No Longer Needed','Requested','2024-02-24 16:50:00',NULL,0.00),
(100,927,'No Longer Needed','Rejected','2024-09-27 21:03:00',NULL,0.00),
(101,186,'No Longer Needed','Requested','2024-08-15 23:05:00',NULL,0.00),
(102,382,'Size Issue','Approved','2024-04-14 03:40:00','2024-04-21 03:40:00',1306.64),
(103,1278,'No Longer Needed','Requested','2024-10-09 05:24:00',NULL,0.00),
(104,262,'Wrong Item','Requested','2024-04-23 09:41:00',NULL,0.00),
(105,1421,'Wrong Item','Approved','2025-08-29 05:34:00','2025-09-05 05:34:00',197.59),
(106,1028,'No Longer Needed','Refunded','2024-05-06 10:13:00','2024-05-08 10:13:00',3271.81),
(107,1436,'Damaged','Approved','2024-02-12 00:48:00','2024-02-19 00:48:00',76.97),
(108,1451,'Wrong Item','Approved','2024-11-29 10:27:00','2024-11-30 10:27:00',917.95),
(109,136,'Size Issue','Refunded','2024-04-20 10:41:00','2024-04-27 10:41:00',768.16),
(110,1462,'Size Issue','Approved','2025-04-21 11:30:00','2025-04-28 11:30:00',328.81),
(111,491,'Damaged','Approved','2024-12-22 18:27:00','2024-12-25 18:27:00',5379.43),
(112,528,'Defective','Approved','2024-02-27 07:02:00','2024-03-03 07:02:00',9003.31),
(113,1549,'Size Issue','Approved','2024-07-14 04:05:00','2024-07-18 04:05:00',4357.24),
(114,775,'Wrong Item','Refunded','2025-04-17 17:45:00','2025-04-19 17:45:00',3871.24),
(115,68,'Defective','Approved','2025-07-25 08:56:00','2025-07-28 08:56:00',2593.12),
(116,384,'Size Issue','Approved','2024-10-07 23:13:00','2024-10-13 23:13:00',3405.18),
(117,1253,'Damaged','Requested','2024-09-22 16:57:00',NULL,0.00),
(118,310,'No Longer Needed','Requested','2025-04-23 07:04:00',NULL,0.00),
(119,1213,'Size Issue','Refunded','2025-09-06 15:59:00','2025-09-11 15:59:00',821.68),
(120,977,'No Longer Needed','Approved','2024-12-04 06:29:00','2024-12-06 06:29:00',10283.37),
(121,941,'Wrong Item','Rejected','2025-08-20 20:38:00',NULL,0.00),
(122,1540,'Size Issue','Refunded','2024-12-04 03:58:00','2024-12-11 03:58:00',5366.68),
(123,870,'Size Issue','Approved','2024-05-15 21:26:00','2024-05-17 21:26:00',34.41),
(124,719,'Size Issue','Refunded','2025-07-24 09:06:00','2025-07-26 09:06:00',866.68),
(125,416,'Damaged','Approved','2025-03-07 21:12:00','2025-03-10 21:12:00',6981.26),
(126,1099,'No Longer Needed','Approved','2024-06-10 16:18:00','2024-06-14 16:18:00',2904.83),
(127,1041,'Size Issue','Refunded','2025-05-02 05:17:00','2025-05-09 05:17:00',3703.33),
(128,30,'No Longer Needed','Rejected','2024-05-24 20:35:00',NULL,0.00),
(129,368,'Size Issue','Refunded','2025-02-10 13:47:00','2025-02-12 13:47:00',1229.96),
(130,1422,'Damaged','Requested','2025-08-13 05:34:00',NULL,0.00);


---1.get data of each customer of first product by


select * from
(
select c.customer_id,first_name,order_datetime,product_name,p.product_id,
row_number() over(partition by c.customer_id order by order_datetime) as rn
from
customers c
join
orders o on c.customer_id =o.customer_id
join
order_items oi
on oi.order_id=o.order_id
join products p
on oi.product_id=p.product_id
order by customer_id )t

where rn=1;



---2.identityfy customer who placed orders in two consequtive days
select * from
(
select customer_id,order_datetime,
lag(order_datetime) over(partition by customer_id order by order_datetime) as previous_order
from orders
order by customer_id)t
where (order_datetime::date-previous_order::date)=1;


----3. find state wise total order and total revenue generated :-

select shipping_state,count(order_id) as total_order,
sum(order_total) as total_revenue
from orders
group by shipping_state 
order by total_order,total_revenue asc;


---4. state revenue vs state return revenue:-


  with state_revenue as (
     select shipping_state ,sum(order_total)as total_revenue
	 from orders
	 group by shipping_state
	 order by total_revenue desc
),

state_return_revenue as (
    select o.shipping_state,sum(refund_amount)as total_refund
	from
	orders o
	join
	order_items oi
	on o.order_id=oi.order_item_id
	join 
	returns r
	on oi.order_item_id =r.order_item_id
   group by o.shipping_state)


select sr.shipping_state,total_revenue,total_refund,round((total_refund/total_revenue)*100,2) as total_perc
from
state_revenue sr
join state_return_revenue srr 
on sr.shipping_state =srr.shipping_state
group by sr.shipping_state,total_revenue,total_refund
order by total_perc desc;



----5.customer funnel analysis :-

select
(select count(customer_id) from customers) as total_customer,

(select count(distinct customer_id)	from orders) as total_orders,

(select count(distinct o.customer_id) from returns r
join order_items oi
on oi.order_item_id=r.order_item_id
join orders o
on o.order_id=oi.order_id) as total_return;



---6. city wise total order count and total_revenue:-

select shipping_city,count(distinct order_id) as total_order,sum(order_total) as total_revenue from
customers c
join
orders o
on c.customer_id=o.order_id
group by shipping_city
order by total_order desc ,total_revenue desc;

---7. cities refunded per unit:-

select shipping_city,
round(sum(refund_amount/quantity),2)as refund_per_unit
from
orders o
join order_items oi
on o.order_id=oi.order_id
join
returns r
on oi.order_item_id=r.order_item_id
group by shipping_city
order by refund_per_unit desc;


---8. total registered customer and customer who placed atleast one order:-

select count(distinct c.customer_id) as total_customer,
count(distinct o.customer_id) as total_order
from customers c
left join
orders o
using (customer_id);


---9.customer who placed exactly one order:-

select customer_id ,count(order_id) as total_order
from orders
group by customer_id
having count(order_id)=1
order by customer_id asc;


10 budgeting analysis of order total:-

select c.customer_id,first_name,order_id,order_total,
case
 when order_total<10000 then 'low'
 when order_total >10000 and order_total<50000 then 'medium'
 else 'high' end as order_budgetig
from
customers c
join orders o
on c.customer_id=o.customer_id;































